AB,AB10,ABERDEEN,(
AB,AB11,ABERDEEN,(
AB,AB12,ABERDEEN,(
AB,AB15,ABERDEEN,(
AB,AB16,ABERDEEN,(
AB,AB21,ABERDEEN,(
AB,AB22,ABERDEEN,(
AB,AB23,ABERDEEN,(
AB,AB24,ABERDEEN,(
AB,AB25,ABERDEEN,(
AB,AB99,ABERDEEN,(
AB,AB13,MILLTIMBER,Aberdeenshire
AB,AB14,PETERCULTER,Aberdeenshire
AB,AB30,LAURENCEKIRK,Kincardineshire
AB,AB31,BANCHORY,Kincardineshire
AB,AB32,WESTHILL,Aberdeenshire
AB,AB33,ALFORD,Aberdeenshire
AB,AB34,ABOYNE,(Aberdeenshire)
AB,AB35,BALLATER,Aberdeenshire
AB,AB36,STRATHDON,(Aberdeenshire)
AB,AB37,BALLINDALLOCH,Banffshire
AB,AB38,ABERLOUR,Banffshire
AB,AB39,STONEHAVEN,Kincardineshire
AB,AB41,ELLON,Aberdeenshire
AB,AB42,PETERHEAD,Aberdeenshire
AB,AB43,FRASERBURGH,Aberdeenshire
AB,AB44,MACDUFF,Banffshire
AB,AB45,BANFF,(Banffshire)
AB,AB51,INVERURIE,Aberdeenshire
AB,AB52,INSCH,Aberdeenshire
AB,AB53,TURRIFF,Aberdeenshire
AB,AB54,HUNTLY,Aberdeenshire
AB,AB55,KEITH,Banffshire
AB,AB56,BUCKIE,Banffshire
AL,AL01,ST. ALBANS,Hertfordshire
AL,AL1,ST. ALBANS,Hertfordshire
AL,AL2,ST. ALBANS,Hertfordshire
AL,AL3,ST. ALBANS,Hertfordshire
AL,AL4,ST. ALBANS,Hertfordshire
AL,AL05,HARPENDEN,Hertfordshire
AL,AL5,HARPENDEN,Hertfordshire
AL,AL06,WELWYN,Hertfordshire
AL,AL6,WELWYN,Hertfordshire
AL,AL7,WELWYN,Hertfordshire
AL,AL07,WELWYN GARDEN CITY,Hertfordshire
AL,AL7,WELWYN GARDEN CITY,Hertfordshire
AL,AL8,WELWYN GARDEN CITY,Hertfordshire
AL,AL09,HATFIELD,Hertfordshire
AL,AL9,HATFIELD,Hertfordshire
AL,AL10,HATFIELD,Hertfordshire
B,B001,BIRMINGHAM,(
B,B1,BIRMINGHAM,(
B,B2,BIRMINGHAM,(
B,B3,BIRMINGHAM,(
B,B4,BIRMINGHAM,(
B,B5,BIRMINGHAM,(
B,B6,BIRMINGHAM,(
B,B7,BIRMINGHAM,(
B,B8,BIRMINGHAM,(
B,B9,BIRMINGHAM,(
B,B10,BIRMINGHAM,(
B,B11,BIRMINGHAM,(
B,B12,BIRMINGHAM,(
B,B13,BIRMINGHAM,(
B,B14,BIRMINGHAM,(
B,B15,BIRMINGHAM,(
B,B16,BIRMINGHAM,(
B,B17,BIRMINGHAM,(
B,B18,BIRMINGHAM,(
B,B19,BIRMINGHAM,(
B,B20,BIRMINGHAM,(
B,B21,BIRMINGHAM,(
B,B23,BIRMINGHAM,(
B,B24,BIRMINGHAM,(
B,B25,BIRMINGHAM,(
B,B26,BIRMINGHAM,(
B,B27,BIRMINGHAM,(
B,B28,BIRMINGHAM,(
B,B29,BIRMINGHAM,(
B,B30,BIRMINGHAM,(
B,B31,BIRMINGHAM,(
B,B32,BIRMINGHAM,(
B,B33,BIRMINGHAM,(
B,B34,BIRMINGHAM,(
B,B35,BIRMINGHAM,(
B,B36,BIRMINGHAM,(
B,B37,BIRMINGHAM,(
B,B38,BIRMINGHAM,(
B,B40,BIRMINGHAM,(
B,B42,BIRMINGHAM,(
B,B43,BIRMINGHAM,(
B,B44,BIRMINGHAM,(
B,B45,BIRMINGHAM,(
B,B46,BIRMINGHAM,(
B,B47,BIRMINGHAM,(
B,B48,BIRMINGHAM,(
B,B99,BIRMINGHAM,(
B,B049,ALCESTER,Warwickshire
B,B49,ALCESTER,Warwickshire
B,B50,ALCESTER,Warwickshire
B,B060,BROMSGROVE,Worcestershire
B,B60,BROMSGROVE,Worcestershire
B,B61,BROMSGROVE,Worcestershire
B,B062,HALESOWEN,West Midlands
B,B62,HALESOWEN,West Midlands
B,B63,HALESOWEN,West Midlands
B,B064,CRADLEY HEATH,West Midlands
B,B64,CRADLEY HEATH,West Midlands
B,B065,ROWLEY REGIS,West Midlands
B,B65,ROWLEY REGIS,West Midlands
B,B066,SMETHWICK,West Midlands
B,B66,SMETHWICK,West Midlands
B,B67,SMETHWICK,West Midlands
B,B068,OLDBURY,West Midlands
B,B68,OLDBURY,West Midlands
B,B69,OLDBURY,West Midlands
B,B070,WEST BROMWICH,West Midlands
B,B70,WEST BROMWICH,West Midlands
B,B71,WEST BROMWICH,West Midlands
B,B072,SUTTON COLDFIELD,West Midlands
B,B72,SUTTON COLDFIELD,West Midlands
B,B73,SUTTON COLDFIELD,West Midlands
B,B74,SUTTON COLDFIELD,West Midlands
B,B75,SUTTON COLDFIELD,West Midlands
B,B76,SUTTON COLDFIELD,West Midlands
B,B077,TAMWORTH,Staffordshire
B,B77,TAMWORTH,Staffordshire
B,B78,TAMWORTH,Staffordshire
B,B79,TAMWORTH,Staffordshire
B,B080,STUDLEY,Warwickshire
B,B80,STUDLEY,Warwickshire
B,B090,SOLIHULL,West Midlands
B,B90,SOLIHULL,West Midlands
B,B91,SOLIHULL,West Midlands
B,B92,SOLIHULL,West Midlands
B,B93,SOLIHULL,West Midlands
B,B94,SOLIHULL,West Midlands
B,B095,HENLEY-IN-ARDEN,West Midlands
B,B95,HENLEY-IN-ARDEN,West Midlands
B,B096,REDDITCH,Worcestershire
B,B96,REDDITCH,Worcestershire
B,B97,REDDITCH,Worcestershire
B,B98,REDDITCH,Worcestershire
BA,BA01,BATH,(
BA,BA1,BATH,(
BA,BA2,BATH,(
BA,BA03,RADSTOCK,Avon
BA,BA3,RADSTOCK,Avon
BA,BA04,SHEPTON MALLET,Somerset
BA,BA4,SHEPTON MALLET,Somerset
BA,BA05,WELLS,Somerset
BA,BA5,WELLS,Somerset
BA,BA06,GLASTONBURY,Somerset
BA,BA6,GLASTONBURY,Somerset
BA,BA07,CASTLE CARY,Somerset
BA,BA7,CASTLE CARY,Somerset
BA,BA08,TEMPLECOMBE,Somerset
BA,BA8,TEMPLECOMBE,Somerset
BA,BA09,WINCANTON,Somerset
BA,BA9,WINCANTON,Somerset
BA,BA09,BRUTON,Somerset
BA,BA9,BRUTON,Somerset
BA,BA10,BRUTON,Somerset
BA,BA11,FROME,Somerset
BA,BA12,WARMINSTER,Wiltshire
BA,BA13,WESTBURY,Wiltshire
BA,BA14,TROWBRIDGE,Wiltshire
BA,BA15,BRADFORD-ON-AVON,Wiltshire
BA,BA16,STREET,Somerset
BA,BA20,YEOVIL,Somerset
BA,BA21,YEOVIL,Somerset
BA,BA22,YEOVIL,Somerset
BB,BB01,BLACKBURN,(
BB,BB1,BLACKBURN,(
BB,BB2,BLACKBURN,(
BB,BB6,BLACKBURN,(
BB,BB03,DARWEN,Lancashire
BB,BB3,DARWEN,Lancashire
BB,BB04,ROSSENDALE,Lancashire
BB,BB4,ROSSENDALE,Lancashire
BB,BB05,ACCRINGTON,Lancashire
BB,BB5,ACCRINGTON,Lancashire
BB,BB07,CLITHEROE,Lancashire
BB,BB7,CLITHEROE,Lancashire
BB,BB08,COLNE,Lancashire
BB,BB8,COLNE,Lancashire
BB,BB09,NELSON,Lancashire
BB,BB9,NELSON,Lancashire
BB,BB10,BURNLEY,Lancashire
BB,BB11,BURNLEY,Lancashire
BB,BB12,BURNLEY,Lancashire
BB,BB18,BARNOLDSWICK,Lancashire
BB,BB94,BARNOLDSWICK,Lancashire
BD,BD01,BRADFORD,West Yorkshire
BD,BD1,BRADFORD,West Yorkshire
BD,BD2,BRADFORD,West Yorkshire
BD,BD3,BRADFORD,West Yorkshire
BD,BD4,BRADFORD,West Yorkshire
BD,BD5,BRADFORD,West Yorkshire
BD,BD6,BRADFORD,West Yorkshire
BD,BD7,BRADFORD,West Yorkshire
BD,BD8,BRADFORD,West Yorkshire
BD,BD9,BRADFORD,West Yorkshire
BD,BD10,BRADFORD,West Yorkshire
BD,BD11,BRADFORD,West Yorkshire
BD,BD12,BRADFORD,West Yorkshire
BD,BD13,BRADFORD,West Yorkshire
BD,BD14,BRADFORD,West Yorkshire
BD,BD15,BRADFORD,West Yorkshire
BD,BD98,BRADFORD,West Yorkshire
BD,BD99,BRADFORD,West Yorkshire
BD,BD16,BINGLEY,West Yorkshire
BD,BD97,BINGLEY,West Yorkshire
BD,BD17,SHIPLEY,West Yorkshire
BD,BD18,SHIPLEY,West Yorkshire
BD,BD98,SHIPLEY,West Yorkshire
BD,BD19,CLECKHEATON,West Yorkshire
BD,BD20,KEIGHLEY,West Yorkshire
BD,BD21,KEIGHLEY,West Yorkshire
BD,BD22,KEIGHLEY,West Yorkshire
BD,BD23,SKIPTON,North Yorkshire
BD,BD24,SKIPTON,North Yorkshire
BD,BD24,SETTLE,North Yorkshire
BF,BF01,BFPO,ZZZZ
BF,BF1,BFPO,ZZZZ
BH,BH01,BOURNEMOUTH,(
BH,BH1,BOURNEMOUTH,(
BH,BH2,BOURNEMOUTH,(
BH,BH3,BOURNEMOUTH,(
BH,BH4,BOURNEMOUTH,(
BH,BH5,BOURNEMOUTH,(
BH,BH6,BOURNEMOUTH,(
BH,BH7,BOURNEMOUTH,(
BH,BH8,BOURNEMOUTH,(
BH,BH9,BOURNEMOUTH,(
BH,BH10,BOURNEMOUTH,(
BH,BH11,BOURNEMOUTH,(
BH,BH12,POOLE,Dorset
BH,BH13,POOLE,Dorset
BH,BH14,POOLE,Dorset
BH,BH15,POOLE,Dorset
BH,BH16,POOLE,Dorset
BH,BH17,POOLE,Dorset
BH,BH18,BROADSTONE,Dorset
BH,BH19,SWANAGE,Dorset
BH,BH20,WAREHAM,Dorset
BH,BH21,WIMBORNE,Dorset
BH,BH22,FERNDOWN,Dorset
BH,BH23,CHRISTCHURCH,Dorset
BH,BH24,RINGWOOD,Hampshire
BH,BH25,NEW MILTON,Hampshire
BH,BH31,VERWOOD,Dorset
BL,BL00,BURY,Lancashire
BL,BL0,BURY,Lancashire
BL,BL8,BURY,Lancashire
BL,BL9,BURY,Lancashire
BL,BL01,BOLTON,(Lancashire)
BL,BL1,BOLTON,(Lancashire)
BL,BL2,BOLTON,(Lancashire)
BL,BL3,BOLTON,(Lancashire)
BL,BL4,BOLTON,(Lancashire)
BL,BL5,BOLTON,(Lancashire)
BL,BL6,BOLTON,(Lancashire)
BL,BL7,BOLTON,(Lancashire)
BL,BL11,BOLTON,(Lancashire)
BL,BL78,BOLTON,(Lancashire)
BN,BN01,BRIGHTON,(
BN,BN1,BRIGHTON,(
BN,BN2,BRIGHTON,(
BN,BN41,BRIGHTON,(
BN,BN42,BRIGHTON,(
BN,BN45,BRIGHTON,(
BN,BN50,BRIGHTON,(
BN,BN51,BRIGHTON,(
BN,BN88,BRIGHTON,(
BN,BN03,HOVE,East Sussex
BN,BN3,HOVE,East Sussex
BN,BN52,HOVE,East Sussex
BN,BN05,HENFIELD,West Sussex
BN,BN5,HENFIELD,West Sussex
BN,BN06,HASSOCKS,West Sussex
BN,BN6,HASSOCKS,West Sussex
BN,BN07,LEWES,East Sussex
BN,BN7,LEWES,East Sussex
BN,BN8,LEWES,East Sussex
BN,BN09,NEWHAVEN,East Sussex
BN,BN9,NEWHAVEN,East Sussex
BN,BN10,PEACEHAVEN,East Sussex
BN,BN11,WORTHING,West Sussex
BN,BN12,WORTHING,West Sussex
BN,BN13,WORTHING,West Sussex
BN,BN14,WORTHING,West Sussex
BN,BN91,WORTHING,West Sussex
BN,BN99,WORTHING,West Sussex
BN,BN15,LANCING,West Sussex
BN,BN99,LANCING,West Sussex
BN,BN16,LITTLEHAMPTON,West Sussex
BN,BN17,LITTLEHAMPTON,West Sussex
BN,BN18,ARUNDEL,West Sussex
BN,BN20,EASTBOURNE,East Sussex
BN,BN21,EASTBOURNE,East Sussex
BN,BN22,EASTBOURNE,East Sussex
BN,BN23,EASTBOURNE,East Sussex
BN,BN24,PEVENSEY,East Sussex
BN,BN25,SEAFORD,East Sussex
BN,BN26,POLEGATE,East Sussex
BN,BN27,HAILSHAM,East Sussex
BN,BN43,SHOREHAM-BY-SEA,West Sussex
BN,BN44,STEYNING,West Sussex
BR,BR01,BROMLEY,(
BR,BR1,BROMLEY,(
BR,BR2,BROMLEY,(
BR,BR02,KESTON,Kent
BR,BR2,KESTON,Kent
BR,BR03,BECKENHAM,Kent
BR,BR3,BECKENHAM,Kent
BR,BR04,WEST WICKHAM,Kent
BR,BR4,WEST WICKHAM,Kent
BR,BR05,ORPINGTON,Kent
BR,BR5,ORPINGTON,Kent
BR,BR6,ORPINGTON,Kent
BR,BR07,CHISLEHURST,Kent
BR,BR7,CHISLEHURST,Kent
BR,BR08,SWANLEY,Kent
BR,BR8,SWANLEY,Kent
BS,BS00,BRISTOL,(
BS,BS0,BRISTOL,(
BS,BS1,BRISTOL,(
BS,BS2,BRISTOL,(
BS,BS3,BRISTOL,(
BS,BS4,BRISTOL,(
BS,BS5,BRISTOL,(
BS,BS6,BRISTOL,(
BS,BS7,BRISTOL,(
BS,BS8,BRISTOL,(
BS,BS9,BRISTOL,(
BS,BS10,BRISTOL,(
BS,BS11,BRISTOL,(
BS,BS13,BRISTOL,(
BS,BS14,BRISTOL,(
BS,BS15,BRISTOL,(
BS,BS16,BRISTOL,(
BS,BS20,BRISTOL,(
BS,BS30,BRISTOL,(
BS,BS31,BRISTOL,(
BS,BS32,BRISTOL,(
BS,BS34,BRISTOL,(
BS,BS35,BRISTOL,(
BS,BS36,BRISTOL,(
BS,BS37,BRISTOL,(
BS,BS39,BRISTOL,(
BS,BS40,BRISTOL,(
BS,BS41,BRISTOL,(
BS,BS48,BRISTOL,(
BS,BS49,BRISTOL,(
BS,BS80,BRISTOL,(
BS,BS98,BRISTOL,(
BS,BS99,BRISTOL,(
BS,BS21,CLEVEDON,Avon
BS,BS22,WESTON-SUPER-MARE,Avon
BS,BS23,WESTON-SUPER-MARE,Avon
BS,BS24,WESTON-SUPER-MARE,Avon
BS,BS25,WINSCOMBE,Avon
BS,BS26,AXBRIDGE,Somerset
BS,BS27,CHEDDAR,Somerset
BS,BS28,WEDMORE,Somerset
BS,BS29,BANWELL,Avon
BT,BT01,BELFAST,(
BT,BT1,BELFAST,(
BT,BT2,BELFAST,(
BT,BT3,BELFAST,(
BT,BT4,BELFAST,(
BT,BT5,BELFAST,(
BT,BT6,BELFAST,(
BT,BT7,BELFAST,(
BT,BT8,BELFAST,(
BT,BT9,BELFAST,(
BT,BT10,BELFAST,(
BT,BT11,BELFAST,(
BT,BT12,BELFAST,(
BT,BT13,BELFAST,(
BT,BT14,BELFAST,(
BT,BT15,BELFAST,(
BT,BT16,BELFAST,(
BT,BT17,BELFAST,(
BT,BT29,BELFAST,(
BT,BT18,HOLYWOOD,County Down
BT,BT19,BANGOR,County Down
BT,BT20,BANGOR,County Down
BT,BT21,DONAGHADEE,County Down
BT,BT22,NEWTOWNARDS,County Down
BT,BT23,NEWTOWNARDS,County Down
BT,BT24,BALLYNAHINCH,County Down
BT,BT25,DROMORE,County Down
BT,BT26,HILLSBOROUGH,County Down
BT,BT27,LISBURN,County Antrim
BT,BT28,LISBURN,County Antrim
BT,BT29,CRUMLIN,County Antrim
BT,BT30,DOWNPATRICK,County Down
BT,BT31,CASTLEWELLAN,County Down
BT,BT32,BANBRIDGE,County Down
BT,BT33,NEWCASTLE,County Down
BT,BT34,NEWRY,County Down
BT,BT35,NEWRY,County Down
BT,BT36,NEWTOWNABBEY,County Antrim
BT,BT37,NEWTOWNABBEY,County Antrim
BT,BT58,NEWTOWNABBEY,County Antrim
BT,BT38,CARRICKFERGUS,County Antrim
BT,BT39,BALLYCLARE,County Antrim
BT,BT40,LARNE,County Antrim
BT,BT41,ANTRIM,(
BT,BT42,BALLYMENA,County Antrim
BT,BT43,BALLYMENA,County Antrim
BT,BT44,BALLYMENA,County Antrim
BT,BT45,MAGHERAFELT,County Londonderry
BT,BT46,MAGHERA,County Londonderry
BT,BT47,LONDONDERRY,(
BT,BT48,LONDONDERRY,(
BT,BT49,LIMAVADY,County Londonderry
BT,BT51,COLERAINE,County Londonderry
BT,BT52,COLERAINE,County Londonderry
BT,BT53,BALLYMONEY,County Antrim
BT,BT54,BALLYCASTLE,County Antrim
BT,BT55,PORTSTEWART,County Londonderry
BT,BT56,PORTRUSH,County Antrim
BT,BT57,BUSHMILLS,County Antrim
BT,BT60,ARMAGH,(
BT,BT61,ARMAGH,(
BT,BT62,CRAIGAVON,County Armagh
BT,BT63,CRAIGAVON,County Armagh
BT,BT64,CRAIGAVON,County Armagh
BT,BT65,CRAIGAVON,County Armagh
BT,BT66,CRAIGAVON,County Armagh
BT,BT67,CRAIGAVON,County Armagh
BT,BT68,CALEDON,County Tyrone
BT,BT69,AUGHNACLOY,County Tyrone
BT,BT70,DUNGANNON,County Tyrone
BT,BT71,DUNGANNON,County Tyrone
BT,BT74,ENNISKILLEN,County Fermanagh
BT,BT92,ENNISKILLEN,County Fermanagh
BT,BT93,ENNISKILLEN,County Fermanagh
BT,BT94,ENNISKILLEN,County Fermanagh
BT,BT75,FIVEMILETOWN,County Tyrone
BT,BT76,CLOGHER,County Tyrone
BT,BT77,AUGHER,County Tyrone
BT,BT78,OMAGH,County Tyrone
BT,BT79,OMAGH,County Tyrone
BT,BT80,COOKSTOWN,County Tyrone
BT,BT81,CASTLEDERG,County Tyrone
BT,BT82,STRABANE,County Tyrone
BX,BX00,ZZZZ,ZZZZ
CA,CA01,CARLISLE,(
CA,CA1,CARLISLE,(
CA,CA2,CARLISLE,(
CA,CA3,CARLISLE,(
CA,CA4,CARLISLE,(
CA,CA5,CARLISLE,(
CA,CA6,CARLISLE,(
CA,CA99,CARLISLE,(
CA,CA07,WIGTON,Cumbria
CA,CA7,WIGTON,Cumbria
CA,CA08,BRAMPTON,Cumbria
CA,CA8,BRAMPTON,Cumbria
CA,CA09,ALSTON,Cumbria
CA,CA9,ALSTON,Cumbria
CA,CA10,PENRITH,Cumbria
CA,CA11,PENRITH,Cumbria
CA,CA12,KESWICK,Cumbria
CA,CA13,COCKERMOUTH,Cumbria
CA,CA14,WORKINGTON,Cumbria
CA,CA95,WORKINGTON,Cumbria
CA,CA15,MARYPORT,Cumbria
CA,CA16,APPLEBY-IN-WESTMORLAND,Cumbria
CA,CA17,KIRKBY STEPHEN,Cumbria
CA,CA18,RAVENGLASS,Cumbria
CA,CA19,HOLMROOK,Cumbria
CA,CA20,SEASCALE,Cumbria
CA,CA21,BECKERMET,Cumbria
CA,CA22,EGREMONT,Cumbria
CA,CA23,CLEATOR,Cumbria
CA,CA24,MOOR ROW,Cumbria
CA,CA25,CLEATOR MOOR,Cumbria
CA,CA26,FRIZINGTON,Cumbria
CA,CA27,ST. BEES,Cumbria
CA,CA28,WHITEHAVEN,Cumbria
CB,CB01,CAMBRIDGE,(
CB,CB1,CAMBRIDGE,(
CB,CB2,CAMBRIDGE,(
CB,CB3,CAMBRIDGE,(
CB,CB4,CAMBRIDGE,(
CB,CB5,CAMBRIDGE,(
CB,CB21,CAMBRIDGE,(
CB,CB22,CAMBRIDGE,(
CB,CB23,CAMBRIDGE,(
CB,CB24,CAMBRIDGE,(
CB,CB25,CAMBRIDGE,(
CB,CB06,ELY,Cambridgeshire
CB,CB6,ELY,Cambridgeshire
CB,CB7,ELY,Cambridgeshire
CB,CB08,NEWMARKET,Suffolk
CB,CB8,NEWMARKET,Suffolk
CB,CB09,HAVERHILL,Suffolk
CB,CB9,HAVERHILL,Suffolk
CB,CB10,SAFFRON WALDEN,Essex
CB,CB11,SAFFRON WALDEN,Essex
CF,CF03,CARDIFF,(
CF,CF3,CARDIFF,(
CF,CF5,CARDIFF,(
CF,CF10,CARDIFF,(
CF,CF11,CARDIFF,(
CF,CF14,CARDIFF,(
CF,CF15,CARDIFF,(
CF,CF23,CARDIFF,(
CF,CF24,CARDIFF,(
CF,CF30,CARDIFF,(
CF,CF91,CARDIFF,(
CF,CF95,CARDIFF,(
CF,CF99,CARDIFF,(
CF,CF31,BRIDGEND,Mid Glamorgan
CF,CF32,BRIDGEND,Mid Glamorgan
CF,CF33,BRIDGEND,Mid Glamorgan
CF,CF35,BRIDGEND,Mid Glamorgan
CF,CF34,MAESTEG,Mid Glamorgan
CF,CF36,PORTHCAWL,Mid Glamorgan
CF,CF37,PONTYPRIDD,Mid Glamorgan
CF,CF38,PONTYPRIDD,Mid Glamorgan
CF,CF39,PORTH,Mid Glamorgan
CF,CF40,TONYPANDY,Mid Glamorgan
CF,CF41,PENTRE,Mid Glamorgan
CF,CF42,TREORCHY,Mid Glamorgan
CF,CF43,FERNDALE,Mid Glamorgan
CF,CF44,ABERDARE,Mid Glamorgan
CF,CF45,MOUNTAIN ASH,Mid Glamorgan
CF,CF46,TREHARRIS,Mid Glamorgan
CF,CF47,MERTHYR TYDFIL,Mid Glamorgan
CF,CF48,MERTHYR TYDFIL,Mid Glamorgan
CF,CF61,LLANTWIT MAJOR,South Glamorgan
CF,CF71,LLANTWIT MAJOR,South Glamorgan
CF,CF62,BARRY,South Glamorgan
CF,CF63,BARRY,South Glamorgan
CF,CF64,DINAS POWYS,South Glamorgan
CF,CF64,PENARTH,South Glamorgan
CF,CF71,COWBRIDGE,South Glamorgan
CF,CF72,PONTYCLUN,Mid Glamorgan
CF,CF81,BARGOED,Mid Glamorgan
CF,CF82,HENGOED,Mid Glamorgan
CF,CF83,CAERPHILLY,Mid Glamorgan
CH,CH01,CHESTER,(
CH,CH1,CHESTER,(
CH,CH2,CHESTER,(
CH,CH3,CHESTER,(
CH,CH4,CHESTER,(
CH,CH70,CHESTER,(
CH,CH88,CHESTER,(
CH,CH99,CHESTER,(
CH,CH05,DEESIDE,Clwyd
CH,CH5,DEESIDE,Clwyd
CH,CH06,BAGILLT,Clwyd
CH,CH6,BAGILLT,Clwyd
CH,CH06,FLINT,Clwyd
CH,CH6,FLINT,Clwyd
CH,CH07,BUCKLEY,Clwyd
CH,CH7,BUCKLEY,Clwyd
CH,CH07,MOLD,Clwyd
CH,CH7,MOLD,Clwyd
CH,CH08,HOLYWELL,Clwyd
CH,CH8,HOLYWELL,Clwyd
CH,CH25,BIRKENHEAD,Merseyside
CH,CH41,BIRKENHEAD,Merseyside
CH,CH42,BIRKENHEAD,Merseyside
CH,CH26,PRENTON,Merseyside
CH,CH43,PRENTON,Merseyside
CH,CH27,WALLASEY,Merseyside
CH,CH44,WALLASEY,Merseyside
CH,CH45,WALLASEY,Merseyside
CH,CH28,WIRRAL,Merseyside
CH,CH29,WIRRAL,Merseyside
CH,CH30,WIRRAL,Merseyside
CH,CH31,WIRRAL,Merseyside
CH,CH32,WIRRAL,Merseyside
CH,CH46,WIRRAL,Merseyside
CH,CH47,WIRRAL,Merseyside
CH,CH48,WIRRAL,Merseyside
CH,CH49,WIRRAL,Merseyside
CH,CH60,WIRRAL,Merseyside
CH,CH61,WIRRAL,Merseyside
CH,CH62,WIRRAL,Merseyside
CH,CH63,WIRRAL,Merseyside
CH,CH33,NESTON,(Merseyside)
CH,CH64,NESTON,(Merseyside)
CH,CH34,ELLESMERE PORT,(Merseyside)
CH,CH65,ELLESMERE PORT,(Merseyside)
CH,CH66,ELLESMERE PORT,(Merseyside)
CM,CM00,BURNHAM-ON-CROUCH,Essex
CM,CM0,BURNHAM-ON-CROUCH,Essex
CM,CM00,SOUTHMINSTER,Essex
CM,CM0,SOUTHMINSTER,Essex
CM,CM01,CHELMSFORD,(Essex)
CM,CM1,CHELMSFORD,(Essex)
CM,CM2,CHELMSFORD,(Essex)
CM,CM3,CHELMSFORD,(Essex)
CM,CM92,CHELMSFORD,(Essex)
CM,CM98,CHELMSFORD,(Essex)
CM,CM99,CHELMSFORD,(Essex)
CM,CM04,INGATESTONE,Essex
CM,CM4,INGATESTONE,Essex
CM,CM05,ONGAR,Essex
CM,CM5,ONGAR,Essex
CM,CM06,DUNMOW,Essex
CM,CM6,DUNMOW,Essex
CM,CM7,DUNMOW,Essex
CM,CM07,BRAINTREE,Essex
CM,CM7,BRAINTREE,Essex
CM,CM77,BRAINTREE,Essex
CM,CM08,WITHAM,Essex
CM,CM8,WITHAM,Essex
CM,CM09,MALDON,Essex
CM,CM9,MALDON,Essex
CM,CM11,BILLERICAY,Essex
CM,CM12,BILLERICAY,Essex
CM,CM13,BRENTWOOD,Essex
CM,CM14,BRENTWOOD,Essex
CM,CM15,BRENTWOOD,Essex
CM,CM16,EPPING,Essex
CM,CM17,HARLOW,Essex
CM,CM18,HARLOW,Essex
CM,CM19,HARLOW,Essex
CM,CM20,HARLOW,Essex
CM,CM21,SAWBRIDGEWORTH,Hertfordshire
CM,CM22,BISHOP'S STORTFORD,Hertfordshire
CM,CM23,BISHOP'S STORTFORD,Hertfordshire
CM,CM24,STANSTED,Essex
CO,CO01,COLCHESTER,(
CO,CO1,COLCHESTER,(
CO,CO2,COLCHESTER,(
CO,CO3,COLCHESTER,(
CO,CO4,COLCHESTER,(
CO,CO5,COLCHESTER,(
CO,CO6,COLCHESTER,(
CO,CO7,COLCHESTER,(
CO,CO08,BURES,Suffolk
CO,CO8,BURES,Suffolk
CO,CO09,HALSTEAD,Essex
CO,CO9,HALSTEAD,Essex
CO,CO10,SUDBURY,Suffolk
CO,CO11,MANNINGTREE,Essex
CO,CO12,HARWICH,Essex
CO,CO13,FRINTON-ON-SEA,Essex
CO,CO14,WALTON ON THE NAZE,Essex
CO,CO15,CLACTON-ON-SEA,Essex
CO,CO16,CLACTON-ON-SEA,Essex
CR,CR00,CROYDON,(
CR,CR0,CROYDON,(
CR,CR9,CROYDON,(
CR,CR44,CROYDON,(
CR,CR90,CROYDON,(
CR,CR02,SOUTH CROYDON,Surrey
CR,CR2,SOUTH CROYDON,Surrey
CR,CR03,CATERHAM,Surrey
CR,CR3,CATERHAM,Surrey
CR,CR03,WHYTELEAFE,Surrey
CR,CR3,WHYTELEAFE,Surrey
CR,CR04,MITCHAM,Surrey
CR,CR4,MITCHAM,Surrey
CR,CR05,COULSDON,Surrey
CR,CR5,COULSDON,Surrey
CR,CR06,WARLINGHAM,Surrey
CR,CR6,WARLINGHAM,Surrey
CR,CR07,THORNTON HEATH,Surrey
CR,CR7,THORNTON HEATH,Surrey
CR,CR08,KENLEY,Surrey
CR,CR8,KENLEY,Surrey
CR,CR08,PURLEY,Surrey
CR,CR8,PURLEY,Surrey
CT,CT01,CANTERBURY,Kent
CT,CT1,CANTERBURY,Kent
CT,CT2,CANTERBURY,Kent
CT,CT3,CANTERBURY,Kent
CT,CT4,CANTERBURY,Kent
CT,CT05,WHITSTABLE,Kent
CT,CT5,WHITSTABLE,Kent
CT,CT06,HERNE BAY,Kent
CT,CT6,HERNE BAY,Kent
CT,CT07,BIRCHINGTON,Kent
CT,CT7,BIRCHINGTON,Kent
CT,CT9,BIRCHINGTON,Kent
CT,CT08,WESTGATE-ON-SEA,Kent
CT,CT8,WESTGATE-ON-SEA,Kent
CT,CT09,MARGATE,Kent
CT,CT9,MARGATE,Kent
CT,CT10,BROADSTAIRS,Kent
CT,CT11,RAMSGATE,Kent
CT,CT12,RAMSGATE,Kent
CT,CT13,SANDWICH,Kent
CT,CT14,DEAL,Kent
CT,CT15,DOVER,Kent
CT,CT16,DOVER,Kent
CT,CT17,DOVER,Kent
CT,CT18,FOLKESTONE,Kent
CT,CT19,FOLKESTONE,Kent
CT,CT20,FOLKESTONE,Kent
CT,CT50,FOLKESTONE,Kent
CT,CT21,HYTHE,Kent
CV,CV01,COVENTRY,(
CV,CV1,COVENTRY,(
CV,CV2,COVENTRY,(
CV,CV3,COVENTRY,(
CV,CV4,COVENTRY,(
CV,CV5,COVENTRY,(
CV,CV6,COVENTRY,(
CV,CV7,COVENTRY,(
CV,CV8,COVENTRY,(
CV,CV08,KENILWORTH,Warwickshire
CV,CV8,KENILWORTH,Warwickshire
CV,CV09,ATHERSTONE,Warwickshire
CV,CV9,ATHERSTONE,Warwickshire
CV,CV10,NUNEATON,Warwickshire
CV,CV11,NUNEATON,Warwickshire
CV,CV13,NUNEATON,Warwickshire
CV,CV12,BEDWORTH,Warwickshire
CV,CV21,RUGBY,Warwickshire
CV,CV22,RUGBY,Warwickshire
CV,CV23,RUGBY,Warwickshire
CV,CV31,LEAMINGTON SPA,Warwickshire
CV,CV32,LEAMINGTON SPA,Warwickshire
CV,CV33,LEAMINGTON SPA,Warwickshire
CV,CV34,WARWICK,(Warwickshire)
CV,CV35,WARWICK,(Warwickshire)
CV,CV36,SHIPSTON-ON-STOUR,Warwickshire
CV,CV37,SHIPSTON-ON-STOUR,Warwickshire
CV,CV37,STRATFORD-UPON-AVON,Warwickshire
CV,CV47,SOUTHAM,Warwickshire
CW,CW01,CREWE,(
CW,CW1,CREWE,(
CW,CW2,CREWE,(
CW,CW3,CREWE,(
CW,CW4,CREWE,(
CW,CW98,CREWE,(
CW,CW05,NANTWICH,Cheshire
CW,CW5,NANTWICH,Cheshire
CW,CW06,TARPORLEY,Cheshire
CW,CW6,TARPORLEY,Cheshire
CW,CW07,WINSFORD,Cheshire
CW,CW7,WINSFORD,Cheshire
CW,CW08,NORTHWICH,Cheshire
CW,CW8,NORTHWICH,Cheshire
CW,CW9,NORTHWICH,Cheshire
CW,CW10,MIDDLEWICH,Cheshire
CW,CW11,SANDBACH,Cheshire
CW,CW12,CONGLETON,Cheshire
DA,DA01,DARTFORD,(
DA,DA1,DARTFORD,(
DA,DA2,DARTFORD,(
DA,DA4,DARTFORD,(
DA,DA10,DARTFORD,(
DA,DA03,LONGFIELD,Kent
DA,DA3,LONGFIELD,Kent
DA,DA05,BEXLEY,Kent
DA,DA5,BEXLEY,Kent
DA,DA06,BEXLEYHEATH,Kent
DA,DA6,BEXLEYHEATH,Kent
DA,DA7,BEXLEYHEATH,Kent
DA,DA07,WELLING,Kent
DA,DA7,WELLING,Kent
DA,DA16,WELLING,Kent
DA,DA08,ERITH,Kent
DA,DA8,ERITH,Kent
DA,DA18,ERITH,Kent
DA,DA09,GREENHITHE,Kent
DA,DA9,GREENHITHE,Kent
DA,DA10,SWANSCOMBE,Kent
DA,DA11,GRAVESEND,Kent
DA,DA12,GRAVESEND,Kent
DA,DA13,GRAVESEND,Kent
DA,DA14,SIDCUP,Kent
DA,DA15,SIDCUP,Kent
DA,DA17,BELVEDERE,Kent
DD,DD01,DUNDEE,(
DD,DD1,DUNDEE,(
DD,DD2,DUNDEE,(
DD,DD3,DUNDEE,(
DD,DD4,DUNDEE,(
DD,DD5,DUNDEE,(
DD,DD06,NEWPORT-ON-TAY,Fife
DD,DD6,NEWPORT-ON-TAY,Fife
DD,DD06,TAYPORT,Fife
DD,DD6,TAYPORT,Fife
DD,DD07,CARNOUSTIE,Angus
DD,DD7,CARNOUSTIE,Angus
DD,DD08,FORFAR,Angus
DD,DD8,FORFAR,Angus
DD,DD08,KIRRIEMUIR,Angus
DD,DD8,KIRRIEMUIR,Angus
DD,DD09,BRECHIN,Angus
DD,DD9,BRECHIN,Angus
DD,DD10,MONTROSE,Angus
DD,DD11,ARBROATH,Angus
DE,DE01,DERBY,(
DE,DE1,DERBY,(
DE,DE3,DERBY,(
DE,DE21,DERBY,(
DE,DE22,DERBY,(
DE,DE23,DERBY,(
DE,DE24,DERBY,(
DE,DE65,DERBY,(
DE,DE72,DERBY,(
DE,DE73,DERBY,(
DE,DE74,DERBY,(
DE,DE99,DERBY,(
DE,DE04,MATLOCK,Derbyshire
DE,DE4,MATLOCK,Derbyshire
DE,DE05,RIPLEY,Derbyshire
DE,DE5,RIPLEY,Derbyshire
DE,DE06,ASHBOURNE,Derbyshire
DE,DE6,ASHBOURNE,Derbyshire
DE,DE07,ILKESTON,Derbyshire
DE,DE7,ILKESTON,Derbyshire
DE,DE11,SWADLINCOTE,Derbyshire
DE,DE12,SWADLINCOTE,Derbyshire
DE,DE13,BURTON-ON-TRENT,Staffordshire
DE,DE14,BURTON-ON-TRENT,Staffordshire
DE,DE15,BURTON-ON-TRENT,Staffordshire
DE,DE45,BAKEWELL,Derbyshire
DE,DE55,ALFRETON,Derbyshire
DE,DE56,BELPER,Derbyshire
DE,DE75,HEANOR,Derbyshire
DG,DG01,DUMFRIES,(
DG,DG1,DUMFRIES,(
DG,DG2,DUMFRIES,(
DG,DG03,THORNHILL,Dumfriesshire
DG,DG3,THORNHILL,Dumfriesshire
DG,DG04,SANQUHAR,Dumfriesshire
DG,DG4,SANQUHAR,Dumfriesshire
DG,DG05,DALBEATTIE,Kirkcudbrightshire
DG,DG5,DALBEATTIE,Kirkcudbrightshire
DG,DG06,KIRKCUDBRIGHT,(Kirkcudbrightshire)
DG,DG6,KIRKCUDBRIGHT,(Kirkcudbrightshire)
DG,DG07,CASTLE DOUGLAS,Kirkcudbrightshire
DG,DG7,CASTLE DOUGLAS,Kirkcudbrightshire
DG,DG08,NEWTON STEWART,Wigtownshire
DG,DG8,NEWTON STEWART,Wigtownshire
DG,DG09,STRANRAER,Wigtownshire
DG,DG9,STRANRAER,Wigtownshire
DG,DG10,MOFFAT,Dumfriesshire
DG,DG11,LOCKERBIE,Dumfriesshire
DG,DG12,ANNAN,Dumfriesshire
DG,DG13,LANGHOLM,Dumfriesshire
DG,DG14,CANONBIE,Dumfriesshire
DG,DG16,GRETNA,Dumfriesshire
DH,DH01,DURHAM,(
DH,DH1,DURHAM,(
DH,DH6,DURHAM,(
DH,DH7,DURHAM,(
DH,DH8,DURHAM,(
DH,DH97,DURHAM,(
DH,DH98,DURHAM,(
DH,DH99,DURHAM,(
DH,DH02,CHESTER LE STREET,County Durham
DH,DH2,CHESTER LE STREET,County Durham
DH,DH3,CHESTER LE STREET,County Durham
DH,DH04,HOUGHTON LE SPRING,Tyne and Wear
DH,DH4,HOUGHTON LE SPRING,Tyne and Wear
DH,DH5,HOUGHTON LE SPRING,Tyne and Wear
DH,DH08,CONSETT,County Durham
DH,DH8,CONSETT,County Durham
DH,DH08,STANLEY,County Durham
DH,DH8,STANLEY,County Durham
DH,DH9,STANLEY,County Durham
DL,DL01,DARLINGTON,County Durham
DL,DL1,DARLINGTON,County Durham
DL,DL2,DARLINGTON,County Durham
DL,DL3,DARLINGTON,County Durham
DL,DL98,DARLINGTON,County Durham
DL,DL04,SHILDON,County Durham
DL,DL4,SHILDON,County Durham
DL,DL05,NEWTON AYCLIFFE,County Durham
DL,DL5,NEWTON AYCLIFFE,County Durham
DL,DL06,NORTHALLERTON,North Yorkshire
DL,DL6,NORTHALLERTON,North Yorkshire
DL,DL7,NORTHALLERTON,North Yorkshire
DL,DL08,BEDALE,North Yorkshire
DL,DL8,BEDALE,North Yorkshire
DL,DL08,HAWES,North Yorkshire
DL,DL8,HAWES,North Yorkshire
DL,DL08,LEYBURN,North Yorkshire
DL,DL8,LEYBURN,North Yorkshire
DL,DL09,CATTERICK GARRISON,North Yorkshire
DL,DL9,CATTERICK GARRISON,North Yorkshire
DL,DL10,RICHMOND,North Yorkshire
DL,DL11,RICHMOND,North Yorkshire
DL,DL12,BARNARD CASTLE,County Durham
DL,DL13,BISHOP AUCKLAND,County Durham
DL,DL14,BISHOP AUCKLAND,County Durham
DL,DL15,CROOK,County Durham
DL,DL16,SPENNYMOOR,County Durham
DL,DL16,FERRYHILL,County Durham
DL,DL17,FERRYHILL,County Durham
DN,DN01,DONCASTER,South Yorkshire
DN,DN1,DONCASTER,South Yorkshire
DN,DN2,DONCASTER,South Yorkshire
DN,DN3,DONCASTER,South Yorkshire
DN,DN4,DONCASTER,South Yorkshire
DN,DN5,DONCASTER,South Yorkshire
DN,DN6,DONCASTER,South Yorkshire
DN,DN7,DONCASTER,South Yorkshire
DN,DN8,DONCASTER,South Yorkshire
DN,DN9,DONCASTER,South Yorkshire
DN,DN10,DONCASTER,South Yorkshire
DN,DN11,DONCASTER,South Yorkshire
DN,DN12,DONCASTER,South Yorkshire
DN,DN55,DONCASTER,South Yorkshire
DN,DN14,GOOLE,North Humberside
DN,DN15,SCUNTHORPE,South Humberside
DN,DN16,SCUNTHORPE,South Humberside
DN,DN17,SCUNTHORPE,South Humberside
DN,DN18,BARTON-UPON-HUMBER,South Humberside
DN,DN19,BARROW-UPON-HUMBER,South Humberside
DN,DN20,BRIGG,South Humberside
DN,DN21,GAINSBOROUGH,Lincolnshire
DN,DN22,RETFORD,Nottinghamshire
DN,DN31,GRIMSBY,South Humberside
DN,DN32,GRIMSBY,South Humberside
DN,DN33,GRIMSBY,South Humberside
DN,DN34,GRIMSBY,South Humberside
DN,DN36,GRIMSBY,South Humberside
DN,DN37,GRIMSBY,South Humberside
DN,DN41,GRIMSBY,South Humberside
DN,DN35,CLEETHORPES,South Humberside
DN,DN38,BARNETBY,South Humberside
DN,DN39,ULCEBY,South Humberside
DN,DN40,IMMINGHAM,South Humberside
DT,DT01,DORCHESTER,Dorset
DT,DT1,DORCHESTER,Dorset
DT,DT2,DORCHESTER,Dorset
DT,DT03,WEYMOUTH,Dorset
DT,DT3,WEYMOUTH,Dorset
DT,DT4,WEYMOUTH,Dorset
DT,DT05,PORTLAND,Dorset
DT,DT5,PORTLAND,Dorset
DT,DT06,BRIDPORT,Dorset
DT,DT6,BRIDPORT,Dorset
DT,DT07,LYME REGIS,Dorset
DT,DT7,LYME REGIS,Dorset
DT,DT08,BEAMINSTER,Dorset
DT,DT8,BEAMINSTER,Dorset
DT,DT09,SHERBORNE,Dorset
DT,DT9,SHERBORNE,Dorset
DT,DT10,STURMINSTER NEWTON,Dorset
DT,DT11,BLANDFORD FORUM,Dorset
DY,DY01,DUDLEY,West Midlands
DY,DY1,DUDLEY,West Midlands
DY,DY2,DUDLEY,West Midlands
DY,DY3,DUDLEY,West Midlands
DY,DY04,TIPTON,West Midlands
DY,DY4,TIPTON,West Midlands
DY,DY05,BRIERLEY HILL,West Midlands
DY,DY5,BRIERLEY HILL,West Midlands
DY,DY06,KINGSWINFORD,West Midlands
DY,DY6,KINGSWINFORD,West Midlands
DY,DY07,STOURBRIDGE,West Midlands
DY,DY7,STOURBRIDGE,West Midlands
DY,DY8,STOURBRIDGE,West Midlands
DY,DY9,STOURBRIDGE,West Midlands
DY,DY10,KIDDERMINSTER,Worcestershire
DY,DY11,KIDDERMINSTER,Worcestershire
DY,DY14,KIDDERMINSTER,Worcestershire
DY,DY12,BEWDLEY,Worcestershire
DY,DY13,STOURPORT-ON-SEVERN,Worcestershire
E,E001,LONDON,(
E,E1,LONDON,(
E,E1W,LONDON,(
E,E2,LONDON,(
E,E3,LONDON,(
E,E4,LONDON,(
E,E5,LONDON,(
E,E6,LONDON,(
E,E7,LONDON,(
E,E8,LONDON,(
E,E9,LONDON,(
E,E10,LONDON,(
E,E11,LONDON,(
E,E12,LONDON,(
E,E13,LONDON,(
E,E14,LONDON,(
E,E15,LONDON,(
E,E16,LONDON,(
E,E17,LONDON,(
E,E18,LONDON,(
E,E20,LONDON,(
E,E77,LONDON,(
E,E98,LONDON,(
EC,EC01,LONDON,(
EC,EC1A,LONDON,(
EC,EC1M,LONDON,(
EC,EC1N,LONDON,(
EC,EC1P,LONDON,(
EC,EC1R,LONDON,(
EC,EC1V,LONDON,(
EC,EC1Y,LONDON,(
EC,EC2A,LONDON,(
EC,EC2M,LONDON,(
EC,EC2N,LONDON,(
EC,EC2P,LONDON,(
EC,EC2R,LONDON,(
EC,EC2V,LONDON,(
EC,EC2Y,LONDON,(
EC,EC3A,LONDON,(
EC,EC3M,LONDON,(
EC,EC3N,LONDON,(
EC,EC3P,LONDON,(
EC,EC3R,LONDON,(
EC,EC3V,LONDON,(
EC,EC4A,LONDON,(
EC,EC4M,LONDON,(
EC,EC4N,LONDON,(
EC,EC4P,LONDON,(
EC,EC4R,LONDON,(
EC,EC4V,LONDON,(
EC,EC4Y,LONDON,(
EC,EC50,LONDON,(
EH,EH01,EDINBURGH,(
EH,EH1,EDINBURGH,(
EH,EH2,EDINBURGH,(
EH,EH3,EDINBURGH,(
EH,EH4,EDINBURGH,(
EH,EH5,EDINBURGH,(
EH,EH6,EDINBURGH,(
EH,EH7,EDINBURGH,(
EH,EH8,EDINBURGH,(
EH,EH9,EDINBURGH,(
EH,EH10,EDINBURGH,(
EH,EH11,EDINBURGH,(
EH,EH12,EDINBURGH,(
EH,EH13,EDINBURGH,(
EH,EH14,EDINBURGH,(
EH,EH15,EDINBURGH,(
EH,EH16,EDINBURGH,(
EH,EH17,EDINBURGH,(
EH,EH91,EDINBURGH,(
EH,EH95,EDINBURGH,(
EH,EH99,EDINBURGH,(
EH,EH14,BALERNO,Midlothian
EH,EH14,CURRIE,Midlothian
EH,EH14,JUNIPER GREEN,Midlothian
EH,EH18,LASSWADE,Midlothian
EH,EH19,BONNYRIGG,Midlothian
EH,EH20,LOANHEAD,Midlothian
EH,EH21,MUSSELBURGH,Midlothian
EH,EH22,DALKEITH,Midlothian
EH,EH23,GOREBRIDGE,Midlothian
EH,EH24,ROSEWELL,Midlothian
EH,EH25,ROSLIN,Midlothian
EH,EH26,PENICUIK,Midlothian
EH,EH27,KIRKNEWTON,Midlothian
EH,EH28,NEWBRIDGE,Midlothian
EH,EH29,KIRKLISTON,West Lothian
EH,EH30,SOUTH QUEENSFERRY,West Lothian
EH,EH31,GULLANE,East Lothian
EH,EH32,LONGNIDDRY,East Lothian
EH,EH32,PRESTONPANS,East Lothian
EH,EH33,TRANENT,East Lothian
EH,EH34,TRANENT,East Lothian
EH,EH35,TRANENT,East Lothian
EH,EH36,HUMBIE,East Lothian
EH,EH37,PATHHEAD,Midlothian
EH,EH38,HERIOT,Midlothian
EH,EH39,NORTH BERWICK,East Lothian
EH,EH40,EAST LINTON,East Lothian
EH,EH41,HADDINGTON,East Lothian
EH,EH42,DUNBAR,East Lothian
EH,EH43,WALKERBURN,Peeblesshire
EH,EH44,INNERLEITHEN,Peeblesshire
EH,EH45,PEEBLES,(Peeblesshire)
EH,EH46,WEST LINTON,Peeblesshire
EH,EH47,BATHGATE,West Lothian
EH,EH48,BATHGATE,West Lothian
EH,EH49,LINLITHGOW,West Lothian
EH,EH51,BO'NESS,West Lothian
EH,EH52,BROXBURN,West Lothian
EH,EH53,LIVINGSTON,West Lothian
EH,EH54,LIVINGSTON,West Lothian
EH,EH55,WEST CALDER,West Lothian
EN,EN01,ENFIELD,Middlesex
EN,EN1,ENFIELD,Middlesex
EN,EN2,ENFIELD,Middlesex
EN,EN3,ENFIELD,Middlesex
EN,EN04,BARNET,Hertfordshire
EN,EN4,BARNET,Hertfordshire
EN,EN5,BARNET,Hertfordshire
EN,EN06,POTTERS BAR,Hertfordshire
EN,EN6,POTTERS BAR,Hertfordshire
EN,EN07,WALTHAM CROSS,Hertfordshire
EN,EN7,WALTHAM CROSS,Hertfordshire
EN,EN8,WALTHAM CROSS,Hertfordshire
EN,EN77,WALTHAM CROSS,Hertfordshire
EN,EN09,WALTHAM ABBEY,Essex
EN,EN9,WALTHAM ABBEY,Essex
EN,EN10,BROXBOURNE,Hertfordshire
EN,EN11,BROXBOURNE,Hertfordshire
EN,EN11,HODDESDON,Hertfordshire
EX,EX01,EXETER,(
EX,EX1,EXETER,(
EX,EX2,EXETER,(
EX,EX3,EXETER,(
EX,EX4,EXETER,(
EX,EX5,EXETER,(
EX,EX6,EXETER,(
EX,EX07,DAWLISH,Devon
EX,EX7,DAWLISH,Devon
EX,EX08,EXMOUTH,Devon
EX,EX8,EXMOUTH,Devon
EX,EX09,BUDLEIGH SALTERTON,Devon
EX,EX9,BUDLEIGH SALTERTON,Devon
EX,EX10,SIDMOUTH,Devon
EX,EX11,OTTERY ST. MARY,Devon
EX,EX12,SEATON,Devon
EX,EX13,AXMINSTER,Devon
EX,EX14,HONITON,Devon
EX,EX15,CULLOMPTON,Devon
EX,EX16,TIVERTON,Devon
EX,EX17,CREDITON,Devon
EX,EX18,CHULMLEIGH,Devon
EX,EX19,WINKLEIGH,Devon
EX,EX20,NORTH TAWTON,Devon
EX,EX20,OKEHAMPTON,Devon
EX,EX21,BEAWORTHY,Devon
EX,EX22,HOLSWORTHY,Devon
EX,EX23,BUDE,Cornwall
EX,EX24,COLYTON,Devon
EX,EX31,BARNSTAPLE,Devon
EX,EX32,BARNSTAPLE,Devon
EX,EX33,BRAUNTON,Devon
EX,EX34,ILFRACOMBE,Devon
EX,EX34,WOOLACOMBE,Devon
EX,EX35,LYNMOUTH,Devon
EX,EX35,LYNTON,Devon
EX,EX36,SOUTH MOLTON,Devon
EX,EX37,UMBERLEIGH,Devon
EX,EX38,TORRINGTON,Devon
EX,EX39,BIDEFORD,Devon
FK,FK01,FALKIRK,(
FK,FK1,FALKIRK,(
FK,FK2,FALKIRK,(
FK,FK03,GRANGEMOUTH,Stirlingshire
FK,FK3,GRANGEMOUTH,Stirlingshire
FK,FK04,BONNYBRIDGE,Stirlingshire
FK,FK4,BONNYBRIDGE,Stirlingshire
FK,FK05,LARBERT,Stirlingshire
FK,FK5,LARBERT,Stirlingshire
FK,FK06,DENNY,Stirlingshire
FK,FK6,DENNY,Stirlingshire
FK,FK07,STIRLING,(Stirlingshire)
FK,FK7,STIRLING,(Stirlingshire)
FK,FK8,STIRLING,(Stirlingshire)
FK,FK9,STIRLING,(Stirlingshire)
FK,FK10,ALLOA,Clackmannanshire
FK,FK10,CLACKMANNAN,(Clackmannanshire)
FK,FK11,MENSTRIE,Clackmannanshire
FK,FK12,ALVA,Clackmannanshire
FK,FK13,TILLICOULTRY,Clackmannanshire
FK,FK14,DOLLAR,Clackmannanshire
FK,FK15,DUNBLANE,Perthshire
FK,FK16,DOUNE,Perthshire
FK,FK17,CALLANDER,Perthshire
FK,FK18,CALLANDER,Perthshire
FK,FK19,LOCHEARNHEAD,Perthshire
FK,FK20,CRIANLARICH,Perthshire
FK,FK21,KILLIN,Perthshire
FY,FY00,BLACKPOOL,(
FY,FY0,BLACKPOOL,(
FY,FY1,BLACKPOOL,(
FY,FY2,BLACKPOOL,(
FY,FY3,BLACKPOOL,(
FY,FY4,BLACKPOOL,(
FY,FY05,THORNTON-CLEVELEYS,Lancashire
FY,FY5,THORNTON-CLEVELEYS,Lancashire
FY,FY06,POULTON-LE-FYLDE,Lancashire
FY,FY6,POULTON-LE-FYLDE,Lancashire
FY,FY07,FLEETWOOD,Lancashire
FY,FY7,FLEETWOOD,Lancashire
FY,FY08,LYTHAM ST. ANNES,Lancashire
FY,FY8,LYTHAM ST. ANNES,Lancashire
G,G001,GLASGOW,(
G,G1,GLASGOW,(
G,G2,GLASGOW,(
G,G3,GLASGOW,(
G,G4,GLASGOW,(
G,G5,GLASGOW,(
G,G9,GLASGOW,(
G,G11,GLASGOW,(
G,G12,GLASGOW,(
G,G13,GLASGOW,(
G,G14,GLASGOW,(
G,G15,GLASGOW,(
G,G20,GLASGOW,(
G,G21,GLASGOW,(
G,G22,GLASGOW,(
G,G23,GLASGOW,(
G,G31,GLASGOW,(
G,G32,GLASGOW,(
G,G33,GLASGOW,(
G,G34,GLASGOW,(
G,G40,GLASGOW,(
G,G41,GLASGOW,(
G,G42,GLASGOW,(
G,G43,GLASGOW,(
G,G44,GLASGOW,(
G,G45,GLASGOW,(
G,G46,GLASGOW,(
G,G51,GLASGOW,(
G,G52,GLASGOW,(
G,G53,GLASGOW,(
G,G58,GLASGOW,(
G,G60,GLASGOW,(
G,G61,GLASGOW,(
G,G62,GLASGOW,(
G,G63,GLASGOW,(
G,G64,GLASGOW,(
G,G65,GLASGOW,(
G,G66,GLASGOW,(
G,G67,GLASGOW,(
G,G68,GLASGOW,(
G,G69,GLASGOW,(
G,G70,GLASGOW,(
G,G71,GLASGOW,(
G,G72,GLASGOW,(
G,G73,GLASGOW,(
G,G74,GLASGOW,(
G,G75,GLASGOW,(
G,G76,GLASGOW,(
G,G77,GLASGOW,(
G,G78,GLASGOW,(
G,G79,GLASGOW,(
G,G90,GLASGOW,(
G,G081,CLYDEBANK,Dunbartonshire
G,G81,CLYDEBANK,Dunbartonshire
G,G082,DUMBARTON,(Dunbartonshire)
G,G82,DUMBARTON,(Dunbartonshire)
G,G083,ALEXANDRIA,Dunbartonshire
G,G83,ALEXANDRIA,Dunbartonshire
G,G083,ARROCHAR,Dunbartonshire
G,G83,ARROCHAR,Dunbartonshire
G,G084,HELENSBURGH,Dunbartonshire
G,G84,HELENSBURGH,Dunbartonshire
GL,GL01,GLOUCESTER,(
GL,GL1,GLOUCESTER,(
GL,GL2,GLOUCESTER,(
GL,GL3,GLOUCESTER,(
GL,GL4,GLOUCESTER,(
GL,GL19,GLOUCESTER,(
GL,GL05,STROUD,Gloucestershire
GL,GL5,STROUD,Gloucestershire
GL,GL6,STROUD,Gloucestershire
GL,GL07,CIRENCESTER,Gloucestershire
GL,GL7,CIRENCESTER,Gloucestershire
GL,GL07,FAIRFORD,Gloucestershire
GL,GL7,FAIRFORD,Gloucestershire
GL,GL07,LECHLADE,Gloucestershire
GL,GL7,LECHLADE,Gloucestershire
GL,GL08,TETBURY,Gloucestershire
GL,GL8,TETBURY,Gloucestershire
GL,GL09,BADMINTON,Avon
GL,GL9,BADMINTON,Avon
GL,GL10,STONEHOUSE,Gloucestershire
GL,GL11,DURSLEY,Gloucestershire
GL,GL11,WOTTON-UNDER-EDGE,Gloucestershire
GL,GL12,WOTTON-UNDER-EDGE,Gloucestershire
GL,GL13,BERKELEY,Gloucestershire
GL,GL14,CINDERFORD,Gloucestershire
GL,GL14,NEWNHAM,Gloucestershire
GL,GL14,WESTBURY-ON-SEVERN,Gloucestershire
GL,GL15,BLAKENEY,Gloucestershire
GL,GL15,LYDNEY,Gloucestershire
GL,GL16,COLEFORD,Gloucestershire
GL,GL17,DRYBROOK,Gloucestershire
GL,GL17,LONGHOPE,Gloucestershire
GL,GL17,LYDBROOK,Gloucestershire
GL,GL17,MITCHELDEAN,Gloucestershire
GL,GL17,RUARDEAN,Gloucestershire
GL,GL18,DYMOCK,Gloucestershire
GL,GL18,NEWENT,Gloucestershire
GL,GL20,TEWKESBURY,Gloucestershire
GL,GL50,CHELTENHAM,Gloucestershire
GL,GL51,CHELTENHAM,Gloucestershire
GL,GL52,CHELTENHAM,Gloucestershire
GL,GL53,CHELTENHAM,Gloucestershire
GL,GL54,CHELTENHAM,Gloucestershire
GL,GL55,CHIPPING CAMPDEN,Gloucestershire
GL,GL56,MORETON-IN-MARSH,Gloucestershire
GU,GU01,GUILDFORD,Surrey
GU,GU1,GUILDFORD,Surrey
GU,GU2,GUILDFORD,Surrey
GU,GU3,GUILDFORD,Surrey
GU,GU4,GUILDFORD,Surrey
GU,GU5,GUILDFORD,Surrey
GU,GU06,CRANLEIGH,Surrey
GU,GU6,CRANLEIGH,Surrey
GU,GU07,GODALMING,Surrey
GU,GU7,GODALMING,Surrey
GU,GU8,GODALMING,Surrey
GU,GU09,FARNHAM,Surrey
GU,GU9,FARNHAM,Surrey
GU,GU10,FARNHAM,Surrey
GU,GU11,ALDERSHOT,Hampshire
GU,GU12,ALDERSHOT,Hampshire
GU,GU14,FARNBOROUGH,Hampshire
GU,GU15,CAMBERLEY,Surrey
GU,GU16,CAMBERLEY,Surrey
GU,GU17,CAMBERLEY,Surrey
GU,GU95,CAMBERLEY,Surrey
GU,GU18,LIGHTWATER,Surrey
GU,GU19,BAGSHOT,Surrey
GU,GU20,WINDLESHAM,Surrey
GU,GU21,WOKING,Surrey
GU,GU22,WOKING,Surrey
GU,GU23,WOKING,Surrey
GU,GU24,WOKING,Surrey
GU,GU25,VIRGINIA WATER,Surrey
GU,GU26,HINDHEAD,Surrey
GU,GU27,HINDHEAD,Surrey
GU,GU27,HASLEMERE,Surrey
GU,GU28,PETWORTH,West Sussex
GU,GU29,MIDHURST,West Sussex
GU,GU30,LIPHOOK,Hampshire
GU,GU31,PETERSFIELD,Hampshire
GU,GU32,PETERSFIELD,Hampshire
GU,GU33,LISS,Hampshire
GU,GU34,ALTON,Hampshire
GU,GU35,BORDON,Hampshire
GU,GU46,YATELEY,Hampshire
GU,GU47,SANDHURST,Berkshire
GU,GU51,FLEET,Hampshire
GU,GU52,FLEET,Hampshire
GY,GY01,GUERNSEY,(Channel Isles)
GY,GY1,GUERNSEY,(Channel Isles)
GY,GY2,GUERNSEY,(Channel Isles)
GY,GY3,GUERNSEY,(Channel Isles)
GY,GY4,GUERNSEY,(Channel Isles)
GY,GY5,GUERNSEY,(Channel Isles)
GY,GY6,GUERNSEY,(Channel Isles)
GY,GY7,GUERNSEY,(Channel Isles)
GY,GY8,GUERNSEY,(Channel Isles)
GY,GY9,GUERNSEY,(Channel Isles)
GY,GY10,GUERNSEY,(Channel Isles)
HA,HA00,WEMBLEY,Middlesex
HA,HA0,WEMBLEY,Middlesex
HA,HA9,WEMBLEY,Middlesex
HA,HA01,HARROW,Middlesex
HA,HA1,HARROW,Middlesex
HA,HA2,HARROW,Middlesex
HA,HA3,HARROW,Middlesex
HA,HA04,RUISLIP,Middlesex
HA,HA4,RUISLIP,Middlesex
HA,HA05,PINNER,Middlesex
HA,HA5,PINNER,Middlesex
HA,HA06,NORTHWOOD,Middlesex
HA,HA6,NORTHWOOD,Middlesex
HA,HA07,STANMORE,Middlesex
HA,HA7,STANMORE,Middlesex
HA,HA08,EDGWARE,Middlesex
HA,HA8,EDGWARE,Middlesex
HD,HD01,HUDDERSFIELD,(
HD,HD1,HUDDERSFIELD,(
HD,HD2,HUDDERSFIELD,(
HD,HD3,HUDDERSFIELD,(
HD,HD4,HUDDERSFIELD,(
HD,HD5,HUDDERSFIELD,(
HD,HD7,HUDDERSFIELD,(
HD,HD8,HUDDERSFIELD,(
HD,HD06,BRIGHOUSE,West Yorkshire
HD,HD6,BRIGHOUSE,West Yorkshire
HD,HD09,HOLMFIRTH,West Yorkshire
HD,HD9,HOLMFIRTH,West Yorkshire
HG,HG01,HARROGATE,North Yorkshire
HG,HG1,HARROGATE,North Yorkshire
HG,HG2,HARROGATE,North Yorkshire
HG,HG3,HARROGATE,North Yorkshire
HG,HG04,RIPON,North Yorkshire
HG,HG4,RIPON,North Yorkshire
HG,HG05,KNARESBOROUGH,North Yorkshire
HG,HG5,KNARESBOROUGH,North Yorkshire
HP,HP01,HEMEL HEMPSTEAD,Hertfordshire
HP,HP1,HEMEL HEMPSTEAD,Hertfordshire
HP,HP2,HEMEL HEMPSTEAD,Hertfordshire
HP,HP3,HEMEL HEMPSTEAD,Hertfordshire
HP,HP04,BERKHAMSTED,Hertfordshire
HP,HP4,BERKHAMSTED,Hertfordshire
HP,HP05,CHESHAM,Buckinghamshire
HP,HP5,CHESHAM,Buckinghamshire
HP,HP06,AMERSHAM,Buckinghamshire
HP,HP6,AMERSHAM,Buckinghamshire
HP,HP7,AMERSHAM,Buckinghamshire
HP,HP08,CHALFONT ST. GILES,Buckinghamshire
HP,HP8,CHALFONT ST. GILES,Buckinghamshire
HP,HP09,BEACONSFIELD,Buckinghamshire
HP,HP9,BEACONSFIELD,Buckinghamshire
HP,HP10,HIGH WYCOMBE,Buckinghamshire
HP,HP11,HIGH WYCOMBE,Buckinghamshire
HP,HP12,HIGH WYCOMBE,Buckinghamshire
HP,HP13,HIGH WYCOMBE,Buckinghamshire
HP,HP14,HIGH WYCOMBE,Buckinghamshire
HP,HP15,HIGH WYCOMBE,Buckinghamshire
HP,HP16,GREAT MISSENDEN,Buckinghamshire
HP,HP17,AYLESBURY,Buckinghamshire
HP,HP18,AYLESBURY,Buckinghamshire
HP,HP19,AYLESBURY,Buckinghamshire
HP,HP20,AYLESBURY,Buckinghamshire
HP,HP21,AYLESBURY,Buckinghamshire
HP,HP22,AYLESBURY,Buckinghamshire
HP,HP22,PRINCES RISBOROUGH,Buckinghamshire
HP,HP27,PRINCES RISBOROUGH,Buckinghamshire
HP,HP23,TRING,Hertfordshire
HR,HR01,HEREFORD,(
HR,HR1,HEREFORD,(
HR,HR2,HEREFORD,(
HR,HR3,HEREFORD,(
HR,HR4,HEREFORD,(
HR,HR05,KINGTON,Herefordshire
HR,HR5,KINGTON,Herefordshire
HR,HR06,LEOMINSTER,Herefordshire
HR,HR6,LEOMINSTER,Herefordshire
HR,HR07,BROMYARD,Herefordshire
HR,HR7,BROMYARD,Herefordshire
HR,HR08,LEDBURY,Herefordshire
HR,HR8,LEDBURY,Herefordshire
HR,HR09,ROSS-ON-WYE,Herefordshire
HR,HR9,ROSS-ON-WYE,Herefordshire
HS,HS01,STORNOWAY,Isle of Lewis
HS,HS1,STORNOWAY,Isle of Lewis
HS,HS02,ISLE OF LEWIS,Isle of Lewis
HS,HS2,ISLE OF LEWIS,Isle of Lewis
HS,HS03,ISLE OF HARRIS,Isle of Harris
HS,HS3,ISLE OF HARRIS,Isle of Harris
HS,HS5,ISLE OF HARRIS,Isle of Harris
HS,HS04,ISLE OF SCALPAY,Isle of Scalpay
HS,HS4,ISLE OF SCALPAY,Isle of Scalpay
HS,HS06,ISLE OF NORTH UIST,Isle of North Uist
HS,HS6,ISLE OF NORTH UIST,Isle of North Uist
HS,HS07,ISLE OF BENBECULA,Isle of Benbecula
HS,HS7,ISLE OF BENBECULA,Isle of Benbecula
HS,HS08,ISLE OF SOUTH UIST,Inverness-shire
HS,HS8,ISLE OF SOUTH UIST,Inverness-shire
HS,HS09,ISLE OF BARRA,Isle of Barra
HS,HS9,ISLE OF BARRA,Isle of Barra
HU,HU01,HULL,(
HU,HU1,HULL,(
HU,HU2,HULL,(
HU,HU3,HULL,(
HU,HU4,HULL,(
HU,HU5,HULL,(
HU,HU6,HULL,(
HU,HU7,HULL,(
HU,HU8,HULL,(
HU,HU9,HULL,(
HU,HU10,HULL,(
HU,HU11,HULL,(
HU,HU12,HULL,(
HU,HU13,HESSLE,North Humberside
HU,HU14,NORTH FERRIBY,North Humberside
HU,HU15,BROUGH,North Humberside
HU,HU16,COTTINGHAM,North Humberside
HU,HU20,COTTINGHAM,North Humberside
HU,HU17,BEVERLEY,North Humberside
HU,HU18,HORNSEA,North Humberside
HU,HU19,WITHERNSEA,North Humberside
HX,HX01,HALIFAX,West Yorkshire
HX,HX1,HALIFAX,West Yorkshire
HX,HX2,HALIFAX,West Yorkshire
HX,HX3,HALIFAX,West Yorkshire
HX,HX4,HALIFAX,West Yorkshire
HX,HX01,ELLAND,West Yorkshire
HX,HX1,ELLAND,West Yorkshire
HX,HX5,ELLAND,West Yorkshire
HX,HX06,SOWERBY BRIDGE,West Yorkshire
HX,HX6,SOWERBY BRIDGE,West Yorkshire
HX,HX07,HEBDEN BRIDGE,West Yorkshire
HX,HX7,HEBDEN BRIDGE,West Yorkshire
IG,IG01,ILFORD,Essex
IG,IG1,ILFORD,Essex
IG,IG2,ILFORD,Essex
IG,IG3,ILFORD,Essex
IG,IG4,ILFORD,Essex
IG,IG5,ILFORD,Essex
IG,IG6,ILFORD,Essex
IG,IG07,CHIGWELL,Essex
IG,IG7,CHIGWELL,Essex
IG,IG8,CHIGWELL,Essex
IG,IG08,WOODFORD GREEN,Essex
IG,IG8,WOODFORD GREEN,Essex
IG,IG09,BUCKHURST HILL,Essex
IG,IG9,BUCKHURST HILL,Essex
IG,IG10,LOUGHTON,Essex
IG,IG11,BARKING,Essex
IM,IM01,ISLE OF MAN,(
IM,IM1,ISLE OF MAN,(
IM,IM2,ISLE OF MAN,(
IM,IM3,ISLE OF MAN,(
IM,IM4,ISLE OF MAN,(
IM,IM5,ISLE OF MAN,(
IM,IM6,ISLE OF MAN,(
IM,IM7,ISLE OF MAN,(
IM,IM8,ISLE OF MAN,(
IM,IM9,ISLE OF MAN,(
IM,IM99,ISLE OF MAN,(
IP,IP01,IPSWICH,(
IP,IP1,IPSWICH,(
IP,IP2,IPSWICH,(
IP,IP3,IPSWICH,(
IP,IP4,IPSWICH,(
IP,IP5,IPSWICH,(
IP,IP6,IPSWICH,(
IP,IP7,IPSWICH,(
IP,IP8,IPSWICH,(
IP,IP9,IPSWICH,(
IP,IP10,IPSWICH,(
IP,IP11,FELIXSTOWE,Suffolk
IP,IP12,WOODBRIDGE,Suffolk
IP,IP13,WOODBRIDGE,Suffolk
IP,IP14,STOWMARKET,Suffolk
IP,IP15,ALDEBURGH,Suffolk
IP,IP16,LEISTON,Suffolk
IP,IP17,SAXMUNDHAM,Suffolk
IP,IP18,SOUTHWOLD,Suffolk
IP,IP19,HALESWORTH,Suffolk
IP,IP20,HARLESTON,Norfolk
IP,IP21,DISS,Norfolk
IP,IP22,DISS,Norfolk
IP,IP98,DISS,Norfolk
IP,IP21,EYE,Suffolk
IP,IP23,EYE,Suffolk
IP,IP24,THETFORD,Norfolk
IP,IP25,THETFORD,Norfolk
IP,IP26,THETFORD,Norfolk
IP,IP27,BRANDON,Suffolk
IP,IP28,BURY ST. EDMUNDS,Suffolk
IP,IP29,BURY ST. EDMUNDS,Suffolk
IP,IP30,BURY ST. EDMUNDS,Suffolk
IP,IP31,BURY ST. EDMUNDS,Suffolk
IP,IP32,BURY ST. EDMUNDS,Suffolk
IP,IP33,BURY ST. EDMUNDS,Suffolk
IV,IV01,INVERNESS,(
IV,IV1,INVERNESS,(
IV,IV2,INVERNESS,(
IV,IV3,INVERNESS,(
IV,IV5,INVERNESS,(
IV,IV13,INVERNESS,(
IV,IV63,INVERNESS,(
IV,IV99,INVERNESS,(
IV,IV04,BEAULY,Inverness-shire
IV,IV4,BEAULY,Inverness-shire
IV,IV06,MUIR OF ORD,Ross-shire
IV,IV6,MUIR OF ORD,Ross-shire
IV,IV07,DINGWALL,Ross-shire
IV,IV7,DINGWALL,Ross-shire
IV,IV15,DINGWALL,Ross-shire
IV,IV16,DINGWALL,Ross-shire
IV,IV08,MUNLOCHY,Ross-shire
IV,IV8,MUNLOCHY,Ross-shire
IV,IV09,AVOCH,Ross-shire
IV,IV9,AVOCH,Ross-shire
IV,IV10,FORTROSE,Ross-shire
IV,IV11,CROMARTY,Ross-shire
IV,IV12,NAIRN,(
IV,IV14,STRATHPEFFER,Ross-shire
IV,IV17,ALNESS,Ross-shire
IV,IV18,INVERGORDON,Ross-shire
IV,IV19,TAIN,Ross-shire
IV,IV20,TAIN,Ross-shire
IV,IV21,GAIRLOCH,Ross-shire
IV,IV22,ACHNASHEEN,Ross-shire
IV,IV23,GARVE,Ross-shire
IV,IV24,ARDGAY,Sutherland
IV,IV25,DORNOCH,Sutherland
IV,IV26,ULLAPOOL,Ross-shire
IV,IV27,LAIRG,Sutherland
IV,IV28,ROGART,Sutherland
IV,IV30,ELGIN,Morayshire
IV,IV31,LOSSIEMOUTH,Morayshire
IV,IV32,FOCHABERS,Morayshire
IV,IV36,FORRES,Morayshire
IV,IV40,KYLE,Ross-shire
IV,IV41,ISLE OF SKYE,Isle of Skye
IV,IV42,ISLE OF SKYE,Isle of Skye
IV,IV43,ISLE OF SKYE,Isle of Skye
IV,IV44,ISLE OF SKYE,Isle of Skye
IV,IV45,ISLE OF SKYE,Isle of Skye
IV,IV46,ISLE OF SKYE,Isle of Skye
IV,IV47,ISLE OF SKYE,Isle of Skye
IV,IV48,ISLE OF SKYE,Isle of Skye
IV,IV49,ISLE OF SKYE,Isle of Skye
IV,IV55,ISLE OF SKYE,Isle of Skye
IV,IV56,ISLE OF SKYE,Isle of Skye
IV,IV51,PORTREE,Isle of Skye
IV,IV52,PLOCKTON,Ross-shire
IV,IV53,STROME FERRY,Ross-shire
IV,IV54,STRATHCARRON,Ross-shire
JE,JE01,JERSEY,(Channel Isles)
JE,JE1,JERSEY,(Channel Isles)
JE,JE2,JERSEY,(Channel Isles)
JE,JE3,JERSEY,(Channel Isles)
JE,JE4,JERSEY,(Channel Isles)
JE,JE5,JERSEY,(Channel Isles)
KA,KA01,KILMARNOCK,Ayrshire
KA,KA1,KILMARNOCK,Ayrshire
KA,KA2,KILMARNOCK,Ayrshire
KA,KA3,KILMARNOCK,Ayrshire
KA,KA04,GALSTON,Ayrshire
KA,KA4,GALSTON,Ayrshire
KA,KA05,MAUCHLINE,Ayrshire
KA,KA5,MAUCHLINE,Ayrshire
KA,KA06,AYR,(Ayrshire)
KA,KA6,AYR,(Ayrshire)
KA,KA7,AYR,(Ayrshire)
KA,KA8,AYR,(Ayrshire)
KA,KA09,PRESTWICK,Ayrshire
KA,KA9,PRESTWICK,Ayrshire
KA,KA10,TROON,Ayrshire
KA,KA11,IRVINE,Ayrshire
KA,KA12,IRVINE,Ayrshire
KA,KA13,KILWINNING,Ayrshire
KA,KA14,BEITH,Ayrshire
KA,KA15,BEITH,Ayrshire
KA,KA16,NEWMILNS,Ayrshire
KA,KA17,DARVEL,Ayrshire
KA,KA18,CUMNOCK,Ayrshire
KA,KA19,MAYBOLE,Ayrshire
KA,KA20,STEVENSTON,Ayrshire
KA,KA21,SALTCOATS,Ayrshire
KA,KA22,ARDROSSAN,Ayrshire
KA,KA23,WEST KILBRIDE,Ayrshire
KA,KA24,DALRY,Ayrshire
KA,KA25,KILBIRNIE,Ayrshire
KA,KA26,GIRVAN,Ayrshire
KA,KA27,ISLE OF ARRAN,Isle of Arran
KA,KA28,ISLE OF CUMBRAE,Isle of Cumbrae
KA,KA29,LARGS,Ayrshire
KA,KA30,LARGS,Ayrshire
KT,KT01,KINGSTON UPON THAMES,Surrey
KT,KT1,KINGSTON UPON THAMES,Surrey
KT,KT2,KINGSTON UPON THAMES,Surrey
KT,KT03,NEW MALDEN,Surrey
KT,KT3,NEW MALDEN,Surrey
KT,KT04,WORCESTER PARK,Surrey
KT,KT4,WORCESTER PARK,Surrey
KT,KT05,SURBITON,Surrey
KT,KT5,SURBITON,Surrey
KT,KT6,SURBITON,Surrey
KT,KT07,THAMES DITTON,Surrey
KT,KT7,THAMES DITTON,Surrey
KT,KT08,EAST MOLESEY,Surrey
KT,KT8,EAST MOLESEY,Surrey
KT,KT08,WEST MOLESEY,Surrey
KT,KT8,WEST MOLESEY,Surrey
KT,KT09,CHESSINGTON,Surrey
KT,KT9,CHESSINGTON,Surrey
KT,KT10,ESHER,Surrey
KT,KT11,COBHAM,Surrey
KT,KT12,WALTON-ON-THAMES,Surrey
KT,KT13,WEYBRIDGE,Surrey
KT,KT14,WEST BYFLEET,Surrey
KT,KT15,ADDLESTONE,Surrey
KT,KT16,CHERTSEY,Surrey
KT,KT17,EPSOM,Surrey
KT,KT18,EPSOM,Surrey
KT,KT19,EPSOM,Surrey
KT,KT20,TADWORTH,Surrey
KT,KT21,ASHTEAD,Surrey
KT,KT22,LEATHERHEAD,Surrey
KT,KT23,LEATHERHEAD,Surrey
KT,KT24,LEATHERHEAD,Surrey
KW,KW01,WICK,Caithness
KW,KW1,WICK,Caithness
KW,KW02,LYBSTER,Caithness
KW,KW2,LYBSTER,Caithness
KW,KW3,LYBSTER,Caithness
KW,KW05,LATHERON,Caithness
KW,KW5,LATHERON,Caithness
KW,KW06,DUNBEATH,Caithness
KW,KW6,DUNBEATH,Caithness
KW,KW07,BERRIEDALE,Caithness
KW,KW7,BERRIEDALE,Caithness
KW,KW08,HELMSDALE,Sutherland
KW,KW8,HELMSDALE,Sutherland
KW,KW09,BRORA,Sutherland
KW,KW9,BRORA,Sutherland
KW,KW10,GOLSPIE,Sutherland
KW,KW11,KINBRACE,Sutherland
KW,KW12,HALKIRK,Caithness
KW,KW13,FORSINARD,Sutherland
KW,KW14,THURSO,Caithness
KW,KW15,KIRKWALL,Orkney
KW,KW16,STROMNESS,Orkney
KW,KW17,ORKNEY,(Orkney)
KY,KY01,KIRKCALDY,Fife
KY,KY1,KIRKCALDY,Fife
KY,KY2,KIRKCALDY,Fife
KY,KY03,BURNTISLAND,Fife
KY,KY3,BURNTISLAND,Fife
KY,KY04,COWDENBEATH,Fife
KY,KY4,COWDENBEATH,Fife
KY,KY04,KELTY,Fife
KY,KY4,KELTY,Fife
KY,KY05,LOCHGELLY,Fife
KY,KY5,LOCHGELLY,Fife
KY,KY06,GLENROTHES,Fife
KY,KY6,GLENROTHES,Fife
KY,KY7,GLENROTHES,Fife
KY,KY08,LEVEN,Fife
KY,KY8,LEVEN,Fife
KY,KY9,LEVEN,Fife
KY,KY10,ANSTRUTHER,Fife
KY,KY11,DUNFERMLINE,Fife
KY,KY12,DUNFERMLINE,Fife
KY,KY99,DUNFERMLINE,Fife
KY,KY11,INVERKEITHING,Fife
KY,KY13,KINROSS,(
KY,KY14,CUPAR,Fife
KY,KY15,CUPAR,Fife
KY,KY16,ST. ANDREWS,Fife
L,L001,LIVERPOOL,(
L,L1,LIVERPOOL,(
L,L2,LIVERPOOL,(
L,L3,LIVERPOOL,(
L,L4,LIVERPOOL,(
L,L5,LIVERPOOL,(
L,L6,LIVERPOOL,(
L,L7,LIVERPOOL,(
L,L8,LIVERPOOL,(
L,L9,LIVERPOOL,(
L,L10,LIVERPOOL,(
L,L11,LIVERPOOL,(
L,L12,LIVERPOOL,(
L,L13,LIVERPOOL,(
L,L14,LIVERPOOL,(
L,L15,LIVERPOOL,(
L,L16,LIVERPOOL,(
L,L17,LIVERPOOL,(
L,L18,LIVERPOOL,(
L,L19,LIVERPOOL,(
L,L20,LIVERPOOL,(
L,L21,LIVERPOOL,(
L,L22,LIVERPOOL,(
L,L23,LIVERPOOL,(
L,L24,LIVERPOOL,(
L,L25,LIVERPOOL,(
L,L26,LIVERPOOL,(
L,L27,LIVERPOOL,(
L,L28,LIVERPOOL,(
L,L29,LIVERPOOL,(
L,L31,LIVERPOOL,(
L,L32,LIVERPOOL,(
L,L33,LIVERPOOL,(
L,L36,LIVERPOOL,(
L,L37,LIVERPOOL,(
L,L38,LIVERPOOL,(
L,L67,LIVERPOOL,(
L,L68,LIVERPOOL,(
L,L69,LIVERPOOL,(
L,L70,LIVERPOOL,(
L,L71,LIVERPOOL,(
L,L72,LIVERPOOL,(
L,L73,LIVERPOOL,(
L,L74,LIVERPOOL,(
L,L75,LIVERPOOL,(
L,L020,BOOTLE,Merseyside
L,L20,BOOTLE,Merseyside
L,L30,BOOTLE,Merseyside
L,L69,BOOTLE,Merseyside
L,L80,BOOTLE,Merseyside
L,GIR,BOOTLE,Merseyside
L,L034,PRESCOT,Merseyside
L,L34,PRESCOT,Merseyside
L,L35,PRESCOT,Merseyside
L,L039,ORMSKIRK,Lancashire
L,L39,ORMSKIRK,Lancashire
L,L40,ORMSKIRK,Lancashire
LA,LA01,LANCASTER,(
LA,LA1,LANCASTER,(
LA,LA2,LANCASTER,(
LA,LA03,MORECAMBE,Lancashire
LA,LA3,MORECAMBE,Lancashire
LA,LA4,MORECAMBE,Lancashire
LA,LA05,CARNFORTH,Lancashire
LA,LA5,CARNFORTH,Lancashire
LA,LA6,CARNFORTH,Lancashire
LA,LA07,MILNTHORPE,Cumbria
LA,LA7,MILNTHORPE,Cumbria
LA,LA08,KENDAL,Cumbria
LA,LA8,KENDAL,Cumbria
LA,LA9,KENDAL,Cumbria
LA,LA10,SEDBERGH,Cumbria
LA,LA11,GRANGE-OVER-SANDS,Cumbria
LA,LA12,ULVERSTON,Cumbria
LA,LA13,BARROW-IN-FURNESS,Cumbria
LA,LA14,BARROW-IN-FURNESS,Cumbria
LA,LA14,DALTON-IN-FURNESS,Cumbria
LA,LA15,DALTON-IN-FURNESS,Cumbria
LA,LA16,ASKAM-IN-FURNESS,Cumbria
LA,LA17,KIRKBY-IN-FURNESS,Cumbria
LA,LA18,MILLOM,Cumbria
LA,LA19,MILLOM,Cumbria
LA,LA20,BROUGHTON-IN-FURNESS,Cumbria
LA,LA21,CONISTON,Cumbria
LA,LA22,AMBLESIDE,Cumbria
LA,LA23,WINDERMERE,Cumbria
LD,LD01,LLANDRINDOD WELLS,Powys
LD,LD1,LLANDRINDOD WELLS,Powys
LD,LD02,BUILTH WELLS,Powys
LD,LD2,BUILTH WELLS,Powys
LD,LD03,BRECON,Powys
LD,LD3,BRECON,Powys
LD,LD04,LLANGAMMARCH WELLS,Powys
LD,LD4,LLANGAMMARCH WELLS,Powys
LD,LD05,LLANWRTYD WELLS,Powys
LD,LD5,LLANWRTYD WELLS,Powys
LD,LD06,RHAYADER,Powys
LD,LD6,RHAYADER,Powys
LD,LD07,KNIGHTON,Powys
LD,LD7,KNIGHTON,Powys
LD,LD08,PRESTEIGNE,Powys
LD,LD8,PRESTEIGNE,Powys
LE,LE01,LEICESTER,(
LE,LE1,LEICESTER,(
LE,LE2,LEICESTER,(
LE,LE3,LEICESTER,(
LE,LE4,LEICESTER,(
LE,LE5,LEICESTER,(
LE,LE6,LEICESTER,(
LE,LE7,LEICESTER,(
LE,LE8,LEICESTER,(
LE,LE9,LEICESTER,(
LE,LE19,LEICESTER,(
LE,LE21,LEICESTER,(
LE,LE41,LEICESTER,(
LE,LE55,LEICESTER,(
LE,LE87,LEICESTER,(
LE,LE94,LEICESTER,(
LE,LE95,LEICESTER,(
LE,LE10,HINCKLEY,Leicestershire
LE,LE11,LOUGHBOROUGH,Leicestershire
LE,LE12,LOUGHBOROUGH,Leicestershire
LE,LE13,MELTON MOWBRAY,Leicestershire
LE,LE14,MELTON MOWBRAY,Leicestershire
LE,LE15,OAKHAM,Leicestershire / 
LE,LE16,MARKET HARBOROUGH,Leicestershire / Rutland
LE,LE17,LUTTERWORTH,Leicestershire
LE,LE18,WIGSTON,Leicestershire
LE,LE65,ASHBY-DE-LA-ZOUCH,Leicestershire
LE,LE67,COALVILLE,Leicestershire
LE,LE67,IBSTOCK,Leicestershire
LE,LE67,MARKFIELD,Leicestershire
LL,LL11,WREXHAM,Clwyd
LL,LL12,WREXHAM,Clwyd
LL,LL13,WREXHAM,Clwyd
LL,LL14,WREXHAM,Clwyd
LL,LL15,RUTHIN,Clwyd
LL,LL16,DENBIGH,Clwyd
LL,LL17,ST. ASAPH,Clwyd
LL,LL18,ST. ASAPH,Clwyd
LL,LL18,RHYL,Clwyd
LL,LL19,PRESTATYN,Clwyd
LL,LL20,LLANGOLLEN,Clwyd
LL,LL21,CORWEN,Clwyd
LL,LL22,ABERGELE,Clwyd
LL,LL23,BALA,Gwynedd
LL,LL24,BETWS-Y-COED,Gwynedd
LL,LL25,DOLWYDDELAN,Gwynedd
LL,LL26,LLANRWST,Gwynedd
LL,LL27,TREFRIW,Gwynedd
LL,LL28,COLWYN BAY,Clwyd
LL,LL29,COLWYN BAY,Clwyd
LL,LL30,LLANDUDNO,Gwynedd
LL,LL31,CONWY,Gwynedd
LL,LL32,CONWY,Gwynedd
LL,LL31,LLANDUDNO JUNCTION,Gwynedd
LL,LL33,LLANFAIRFECHAN,Gwynedd
LL,LL34,PENMAENMAWR,Gwynedd
LL,LL35,ABERDOVEY,Gwynedd
LL,LL36,TYWYN,Gwynedd
LL,LL37,LLWYNGWRIL,Gwynedd
LL,LL38,FAIRBOURNE,Gwynedd
LL,LL39,ARTHOG,Gwynedd
LL,LL40,DOLGELLAU,Gwynedd
LL,LL41,BLAENAU FFESTINIOG,Gwynedd
LL,LL42,BARMOUTH,Gwynedd
LL,LL43,TALYBONT,Gwynedd
LL,LL44,DYFFRYN ARDUDWY,Gwynedd
LL,LL45,LLANBEDR,Gwynedd
LL,LL46,HARLECH,Gwynedd
LL,LL47,TALSARNAU,Gwynedd
LL,LL48,PENRHYNDEUDRAETH,Gwynedd
LL,LL49,PORTHMADOG,Gwynedd
LL,LL51,GARNDOLBENMAEN,Gwynedd
LL,LL52,CRICCIETH,Gwynedd
LL,LL53,PWLLHELI,Gwynedd
LL,LL54,CAERNARFON,Gwynedd
LL,LL55,CAERNARFON,Gwynedd
LL,LL56,Y FELINHELI,Gwynedd
LL,LL57,BANGOR,Gwynedd
LL,LL58,BEAUMARIS,Gwynedd
LL,LL59,MENAI BRIDGE,Gwynedd
LL,LL60,GAERWEN,Gwynedd
LL,LL61,LLANFAIRPWLLGWYNGYLL,Gwynedd
LL,LL62,BODORGAN,Gwynedd
LL,LL63,TY CROES,Gwynedd
LL,LL64,RHOSNEIGR,Gwynedd
LL,LL77,RHOSNEIGR,Gwynedd
LL,LL65,HOLYHEAD,Gwynedd
LL,LL66,RHOSGOCH,Gwynedd
LL,LL67,CEMAES BAY,Gwynedd
LL,LL68,AMLWCH,Gwynedd
LL,LL69,PENYSARN,Gwynedd
LL,LL70,DULAS,Gwynedd
LL,LL71,LLANERCHYMEDD,Gwynedd
LL,LL72,MOELFRE,Gwynedd
LL,LL73,MARIANGLAS,Gwynedd
LL,LL74,TYN-Y-GONGL,Gwynedd
LL,LL75,PENTRAETH,Gwynedd
LL,LL76,LLANBEDRGOCH,Gwynedd
LL,LL77,LLANGEFNI,Gwynedd
LL,LL78,BRYNTEG,Gwynedd
LN,LN01,LINCOLN,(
LN,LN1,LINCOLN,(
LN,LN2,LINCOLN,(
LN,LN3,LINCOLN,(
LN,LN4,LINCOLN,(
LN,LN5,LINCOLN,(
LN,LN6,LINCOLN,(
LN,LN07,MARKET RASEN,Lincolnshire
LN,LN7,MARKET RASEN,Lincolnshire
LN,LN8,MARKET RASEN,Lincolnshire
LN,LN09,HORNCASTLE,Lincolnshire
LN,LN9,HORNCASTLE,Lincolnshire
LN,LN10,WOODHALL SPA,Lincolnshire
LN,LN11,LOUTH,Lincolnshire
LN,LN12,MABLETHORPE,Lincolnshire
LN,LN13,ALFORD,Lincolnshire
LS,LS01,LEEDS,(
LS,LS1,LEEDS,(
LS,LS2,LEEDS,(
LS,LS3,LEEDS,(
LS,LS4,LEEDS,(
LS,LS5,LEEDS,(
LS,LS6,LEEDS,(
LS,LS7,LEEDS,(
LS,LS8,LEEDS,(
LS,LS9,LEEDS,(
LS,LS10,LEEDS,(
LS,LS11,LEEDS,(
LS,LS12,LEEDS,(
LS,LS13,LEEDS,(
LS,LS14,LEEDS,(
LS,LS15,LEEDS,(
LS,LS16,LEEDS,(
LS,LS17,LEEDS,(
LS,LS18,LEEDS,(
LS,LS19,LEEDS,(
LS,LS20,LEEDS,(
LS,LS25,LEEDS,(
LS,LS26,LEEDS,(
LS,LS27,LEEDS,(
LS,LS88,LEEDS,(
LS,LS98,LEEDS,(
LS,LS99,LEEDS,(
LS,LS21,OTLEY,West Yorkshire
LS,LS22,WETHERBY,West Yorkshire
LS,LS23,WETHERBY,West Yorkshire
LS,LS24,TADCASTER,North Yorkshire
LS,LS28,PUDSEY,West Yorkshire
LS,LS29,ILKLEY,West Yorkshire
LU,LU01,LUTON,(
LU,LU1,LUTON,(
LU,LU2,LUTON,(
LU,LU3,LUTON,(
LU,LU4,LUTON,(
LU,LU05,DUNSTABLE,Bedfordshire
LU,LU5,DUNSTABLE,Bedfordshire
LU,LU6,DUNSTABLE,Bedfordshire
LU,LU07,LEIGHTON BUZZARD,Bedfordshire
LU,LU7,LEIGHTON BUZZARD,Bedfordshire
M,M001,MANCHESTER,(
M,M1,MANCHESTER,(
M,M2,MANCHESTER,(
M,M3,MANCHESTER,(
M,M4,MANCHESTER,(
M,M8,MANCHESTER,(
M,M9,MANCHESTER,(
M,M11,MANCHESTER,(
M,M12,MANCHESTER,(
M,M13,MANCHESTER,(
M,M14,MANCHESTER,(
M,M15,MANCHESTER,(
M,M16,MANCHESTER,(
M,M17,MANCHESTER,(
M,M18,MANCHESTER,(
M,M19,MANCHESTER,(
M,M20,MANCHESTER,(
M,M21,MANCHESTER,(
M,M22,MANCHESTER,(
M,M23,MANCHESTER,(
M,M24,MANCHESTER,(
M,M25,MANCHESTER,(
M,M26,MANCHESTER,(
M,M27,MANCHESTER,(
M,M28,MANCHESTER,(
M,M29,MANCHESTER,(
M,M30,MANCHESTER,(
M,M31,MANCHESTER,(
M,M32,MANCHESTER,(
M,M34,MANCHESTER,(
M,M35,MANCHESTER,(
M,M38,MANCHESTER,(
M,M40,MANCHESTER,(
M,M41,MANCHESTER,(
M,M43,MANCHESTER,(
M,M44,MANCHESTER,(
M,M45,MANCHESTER,(
M,M46,MANCHESTER,(
M,M60,MANCHESTER,(
M,M61,MANCHESTER,(
M,M90,MANCHESTER,(
M,M99,MANCHESTER,(
M,M003,SALFORD,(Lancashire)
M,M3,SALFORD,(Lancashire)
M,M5,SALFORD,(Lancashire)
M,M6,SALFORD,(Lancashire)
M,M7,SALFORD,(Lancashire)
M,M50,SALFORD,(Lancashire)
M,M60,SALFORD,(Lancashire)
M,M033,SALE,Cheshire
M,M33,SALE,Cheshire
ME,ME01,ROCHESTER,Kent
ME,ME1,ROCHESTER,Kent
ME,ME2,ROCHESTER,Kent
ME,ME3,ROCHESTER,Kent
ME,ME04,CHATHAM,Kent
ME,ME4,CHATHAM,Kent
ME,ME5,CHATHAM,Kent
ME,ME06,AYLESFORD,Kent
ME,ME6,AYLESFORD,Kent
ME,ME20,AYLESFORD,Kent
ME,ME06,SNODLAND,Kent
ME,ME6,SNODLAND,Kent
ME,ME06,WEST MALLING,Kent
ME,ME6,WEST MALLING,Kent
ME,ME19,WEST MALLING,Kent
ME,ME07,GILLINGHAM,Kent
ME,ME7,GILLINGHAM,Kent
ME,ME8,GILLINGHAM,Kent
ME,ME09,SITTINGBOURNE,Kent
ME,ME9,SITTINGBOURNE,Kent
ME,ME10,SITTINGBOURNE,Kent
ME,ME11,QUEENBOROUGH,Kent
ME,ME12,SHEERNESS,Kent
ME,ME13,FAVERSHAM,Kent
ME,ME14,MAIDSTONE,Kent
ME,ME15,MAIDSTONE,Kent
ME,ME16,MAIDSTONE,Kent
ME,ME17,MAIDSTONE,Kent
ME,ME18,MAIDSTONE,Kent
ME,ME99,MAIDSTONE,Kent
MK,MK01,MILTON KEYNES,(
MK,MK1,MILTON KEYNES,(
MK,MK2,MILTON KEYNES,(
MK,MK3,MILTON KEYNES,(
MK,MK4,MILTON KEYNES,(
MK,MK5,MILTON KEYNES,(
MK,MK6,MILTON KEYNES,(
MK,MK7,MILTON KEYNES,(
MK,MK8,MILTON KEYNES,(
MK,MK9,MILTON KEYNES,(
MK,MK10,MILTON KEYNES,(
MK,MK11,MILTON KEYNES,(
MK,MK12,MILTON KEYNES,(
MK,MK13,MILTON KEYNES,(
MK,MK14,MILTON KEYNES,(
MK,MK15,MILTON KEYNES,(
MK,MK17,MILTON KEYNES,(
MK,MK19,MILTON KEYNES,(
MK,MK77,MILTON KEYNES,(
MK,MK16,NEWPORT PAGNELL,Buckinghamshire
MK,MK18,BUCKINGHAM,(Buckinghamshire)
MK,MK40,BEDFORD,(
MK,MK41,BEDFORD,(
MK,MK42,BEDFORD,(
MK,MK43,BEDFORD,(
MK,MK44,BEDFORD,(
MK,MK45,BEDFORD,(
MK,MK46,OLNEY,Buckinghamshire
ML,ML01,MOTHERWELL,Lanarkshire
ML,ML1,MOTHERWELL,Lanarkshire
ML,ML02,WISHAW,Lanarkshire
ML,ML2,WISHAW,Lanarkshire
ML,ML03,HAMILTON,Lanarkshire
ML,ML3,HAMILTON,Lanarkshire
ML,ML04,BELLSHILL,Lanarkshire
ML,ML4,BELLSHILL,Lanarkshire
ML,ML05,COATBRIDGE,Lanarkshire
ML,ML5,COATBRIDGE,Lanarkshire
ML,ML06,AIRDRIE,Lanarkshire
ML,ML6,AIRDRIE,Lanarkshire
ML,ML07,SHOTTS,Lanarkshire
ML,ML7,SHOTTS,Lanarkshire
ML,ML08,CARLUKE,Lanarkshire
ML,ML8,CARLUKE,Lanarkshire
ML,ML09,LARKHALL,Lanarkshire
ML,ML9,LARKHALL,Lanarkshire
ML,ML10,STRATHAVEN,Lanarkshire
ML,ML11,LANARK,(Lanarkshire)
ML,ML12,BIGGAR,Lanarkshire
N,N001,LONDON,(
N,N1,LONDON,(
N,N1C,LONDON,(
N,N1P,LONDON,(
N,N2,LONDON,(
N,N3,LONDON,(
N,N4,LONDON,(
N,N5,LONDON,(
N,N6,LONDON,(
N,N7,LONDON,(
N,N8,LONDON,(
N,N9,LONDON,(
N,N10,LONDON,(
N,N11,LONDON,(
N,N12,LONDON,(
N,N13,LONDON,(
N,N14,LONDON,(
N,N15,LONDON,(
N,N16,LONDON,(
N,N17,LONDON,(
N,N18,LONDON,(
N,N19,LONDON,(
N,N20,LONDON,(
N,N21,LONDON,(
N,N22,LONDON,(
N,N81,LONDON,(
NE,NE01,NEWCASTLE UPON TYNE,(
NE,NE1,NEWCASTLE UPON TYNE,(
NE,NE2,NEWCASTLE UPON TYNE,(
NE,NE3,NEWCASTLE UPON TYNE,(
NE,NE4,NEWCASTLE UPON TYNE,(
NE,NE5,NEWCASTLE UPON TYNE,(
NE,NE6,NEWCASTLE UPON TYNE,(
NE,NE7,NEWCASTLE UPON TYNE,(
NE,NE12,NEWCASTLE UPON TYNE,(
NE,NE13,NEWCASTLE UPON TYNE,(
NE,NE15,NEWCASTLE UPON TYNE,(
NE,NE16,NEWCASTLE UPON TYNE,(
NE,NE17,NEWCASTLE UPON TYNE,(
NE,NE18,NEWCASTLE UPON TYNE,(
NE,NE19,NEWCASTLE UPON TYNE,(
NE,NE20,NEWCASTLE UPON TYNE,(
NE,NE27,NEWCASTLE UPON TYNE,(
NE,NE82,NEWCASTLE UPON TYNE,(
NE,NE83,NEWCASTLE UPON TYNE,(
NE,NE85,NEWCASTLE UPON TYNE,(
NE,NE88,NEWCASTLE UPON TYNE,(
NE,NE98,NEWCASTLE UPON TYNE,(
NE,NE99,NEWCASTLE UPON TYNE,(
NE,NE08,GATESHEAD,Tyne and Wear
NE,NE8,GATESHEAD,Tyne and Wear
NE,NE9,GATESHEAD,Tyne and Wear
NE,NE10,GATESHEAD,Tyne and Wear
NE,NE11,GATESHEAD,Tyne and Wear
NE,NE92,GATESHEAD,Tyne and Wear
NE,NE21,BLAYDON-ON-TYNE,Tyne and Wear
NE,NE22,BEDLINGTON,Northumberland
NE,NE23,CRAMLINGTON,Northumberland
NE,NE24,BLYTH,Northumberland
NE,NE25,WHITLEY BAY,Tyne and Wear
NE,NE26,WHITLEY BAY,Tyne and Wear
NE,NE28,WALLSEND,Tyne and Wear
NE,NE29,NORTH SHIELDS,Tyne and Wear
NE,NE30,NORTH SHIELDS,Tyne and Wear
NE,NE31,HEBBURN,Tyne and Wear
NE,NE32,JARROW,Tyne and Wear
NE,NE33,SOUTH SHIELDS,Tyne and Wear
NE,NE34,SOUTH SHIELDS,Tyne and Wear
NE,NE35,BOLDON COLLIERY,Tyne and Wear
NE,NE36,EAST BOLDON,Tyne and Wear
NE,NE37,WASHINGTON,Tyne and Wear
NE,NE38,WASHINGTON,Tyne and Wear
NE,NE39,ROWLANDS GILL,Tyne and Wear
NE,NE40,RYTON,Tyne and Wear
NE,NE41,WYLAM,Northumberland
NE,NE42,PRUDHOE,Northumberland
NE,NE43,STOCKSFIELD,Northumberland
NE,NE44,RIDING MILL,Northumberland
NE,NE45,CORBRIDGE,Northumberland
NE,NE46,HEXHAM,Northumberland
NE,NE47,HEXHAM,Northumberland
NE,NE48,HEXHAM,Northumberland
NE,NE49,HALTWHISTLE,Northumberland
NE,NE61,MORPETH,Northumberland
NE,NE65,MORPETH,Northumberland
NE,NE62,CHOPPINGTON,Northumberland
NE,NE63,ASHINGTON,Northumberland
NE,NE64,NEWBIGGIN-BY-THE-SEA,Northumberland
NE,NE66,ALNWICK,Northumberland
NE,NE66,BAMBURGH,Northumberland
NE,NE69,BAMBURGH,Northumberland
NE,NE67,CHATHILL,Northumberland
NE,NE68,SEAHOUSES,Northumberland
NE,NE70,BELFORD,Northumberland
NE,NE71,WOOLER,Northumberland
NG,NG01,NOTTINGHAM,(
NG,NG1,NOTTINGHAM,(
NG,NG2,NOTTINGHAM,(
NG,NG3,NOTTINGHAM,(
NG,NG4,NOTTINGHAM,(
NG,NG5,NOTTINGHAM,(
NG,NG6,NOTTINGHAM,(
NG,NG7,NOTTINGHAM,(
NG,NG8,NOTTINGHAM,(
NG,NG9,NOTTINGHAM,(
NG,NG10,NOTTINGHAM,(
NG,NG11,NOTTINGHAM,(
NG,NG12,NOTTINGHAM,(
NG,NG13,NOTTINGHAM,(
NG,NG14,NOTTINGHAM,(
NG,NG15,NOTTINGHAM,(
NG,NG16,NOTTINGHAM,(
NG,NG17,NOTTINGHAM,(
NG,NG80,NOTTINGHAM,(
NG,NG90,NOTTINGHAM,(
NG,NG17,SUTTON-IN-ASHFIELD,Nottinghamshire
NG,NG18,MANSFIELD,Nottinghamshire
NG,NG19,MANSFIELD,Nottinghamshire
NG,NG20,MANSFIELD,Nottinghamshire
NG,NG21,MANSFIELD,Nottinghamshire
NG,NG70,MANSFIELD,Nottinghamshire
NG,NG22,NEWARK,Nottinghamshire
NG,NG23,NEWARK,Nottinghamshire
NG,NG24,NEWARK,Nottinghamshire
NG,NG25,SOUTHWELL,Nottinghamshire
NG,NG31,GRANTHAM,Lincolnshire
NG,NG32,GRANTHAM,Lincolnshire
NG,NG33,GRANTHAM,Lincolnshire
NG,NG34,SLEAFORD,Lincolnshire
NN,NN01,NORTHAMPTON,(
NN,NN1,NORTHAMPTON,(
NN,NN2,NORTHAMPTON,(
NN,NN3,NORTHAMPTON,(
NN,NN4,NORTHAMPTON,(
NN,NN5,NORTHAMPTON,(
NN,NN6,NORTHAMPTON,(
NN,NN7,NORTHAMPTON,(
NN,NN08,WELLINGBOROUGH,Northamptonshire
NN,NN8,WELLINGBOROUGH,Northamptonshire
NN,NN9,WELLINGBOROUGH,Northamptonshire
NN,NN29,WELLINGBOROUGH,Northamptonshire
NN,NN10,RUSHDEN,Northamptonshire
NN,NN11,DAVENTRY,Northamptonshire
NN,NN12,TOWCESTER,Northamptonshire
NN,NN13,BRACKLEY,Northamptonshire
NN,NN14,KETTERING,Northamptonshire
NN,NN15,KETTERING,Northamptonshire
NN,NN16,KETTERING,Northamptonshire
NN,NN17,CORBY,Northamptonshire
NN,NN18,CORBY,Northamptonshire
NP,NP04,PONTYPOOL,Gwent
NP,NP4,PONTYPOOL,Gwent
NP,NP07,ABERGAVENNY,Gwent
NP,NP7,ABERGAVENNY,Gwent
NP,NP07,CRICKHOWELL,Powys
NP,NP7,CRICKHOWELL,Powys
NP,NP8,CRICKHOWELL,Powys
NP,NP10,NEWPORT,Gwent
NP,NP11,NEWPORT,Gwent
NP,NP18,NEWPORT,Gwent
NP,NP19,NEWPORT,Gwent
NP,NP20,NEWPORT,Gwent
NP,NP12,BLACKWOOD,Gwent
NP,NP13,ABERTILLERY,Gwent
NP,NP15,USK,Gwent
NP,NP16,CHEPSTOW,Gwent
NP,NP22,TREDEGAR,Gwent
NP,NP23,EBBW VALE,Gwent
NP,NP24,NEW TREDEGAR,Gwent
NP,NP25,MONMOUTH,Gwent
NP,NP26,CALDICOT,Gwent
NP,NP44,CWMBRAN,Gwent
NR,NR01,NORWICH,(
NR,NR1,NORWICH,(
NR,NR2,NORWICH,(
NR,NR3,NORWICH,(
NR,NR4,NORWICH,(
NR,NR5,NORWICH,(
NR,NR6,NORWICH,(
NR,NR7,NORWICH,(
NR,NR8,NORWICH,(
NR,NR9,NORWICH,(
NR,NR10,NORWICH,(
NR,NR11,NORWICH,(
NR,NR12,NORWICH,(
NR,NR13,NORWICH,(
NR,NR14,NORWICH,(
NR,NR15,NORWICH,(
NR,NR16,NORWICH,(
NR,NR18,NORWICH,(
NR,NR19,NORWICH,(
NR,NR26,NORWICH,(
NR,NR28,NORWICH,(
NR,NR99,NORWICH,(
NR,NR17,ATTLEBOROUGH,Norfolk
NR,NR18,WYMONDHAM,Norfolk
NR,NR19,DEREHAM,Norfolk
NR,NR20,DEREHAM,Norfolk
NR,NR21,FAKENHAM,Norfolk
NR,NR22,WALSINGHAM,Norfolk
NR,NR23,WELLS-NEXT-THE-SEA,Norfolk
NR,NR24,MELTON CONSTABLE,Norfolk
NR,NR25,HOLT,Norfolk
NR,NR26,SHERINGHAM,Norfolk
NR,NR27,CROMER,Norfolk
NR,NR28,NORTH WALSHAM,Norfolk
NR,NR29,GREAT YARMOUTH,Norfolk
NR,NR30,GREAT YARMOUTH,Norfolk
NR,NR31,GREAT YARMOUTH,Norfolk
NR,NR32,LOWESTOFT,Suffolk
NR,NR33,LOWESTOFT,Suffolk
NR,NR34,BECCLES,Suffolk
NR,NR35,BUNGAY,Suffolk
NW,NW01,LONDON,(
NW,NW1,LONDON,(
NW,NW1W,LONDON,(
NW,NW2,LONDON,(
NW,NW3,LONDON,(
NW,NW4,LONDON,(
NW,NW5,LONDON,(
NW,NW6,LONDON,(
NW,NW7,LONDON,(
NW,NW8,LONDON,(
NW,NW9,LONDON,(
NW,NW10,LONDON,(
NW,NW11,LONDON,(
NW,NW26,LONDON,(
OL,OL01,OLDHAM,(
OL,OL1,OLDHAM,(
OL,OL2,OLDHAM,(
OL,OL3,OLDHAM,(
OL,OL4,OLDHAM,(
OL,OL8,OLDHAM,(
OL,OL9,OLDHAM,(
OL,OL95,OLDHAM,(
OL,OL05,ASHTON-UNDER-LYNE,Lancashire
OL,OL5,ASHTON-UNDER-LYNE,Lancashire
OL,OL6,ASHTON-UNDER-LYNE,Lancashire
OL,OL7,ASHTON-UNDER-LYNE,Lancashire
OL,OL10,HEYWOOD,Lancashire
OL,OL11,ROCHDALE,Lancashire
OL,OL12,ROCHDALE,Lancashire
OL,OL16,ROCHDALE,Lancashire
OL,OL13,BACUP,Lancashire
OL,OL14,TODMORDEN,Lancashire
OL,OL15,LITTLEBOROUGH,Lancashire
OL,OL16,LITTLEBOROUGH,Lancashire
OX,OX01,OXFORD,(
OX,OX1,OXFORD,(
OX,OX2,OXFORD,(
OX,OX3,OXFORD,(
OX,OX4,OXFORD,(
OX,OX33,OXFORD,(
OX,OX44,OXFORD,(
OX,OX05,KIDLINGTON,Oxfordshire
OX,OX5,KIDLINGTON,Oxfordshire
OX,OX07,CHIPPING NORTON,Oxfordshire
OX,OX7,CHIPPING NORTON,Oxfordshire
OX,OX09,THAME,Oxfordshire
OX,OX9,THAME,Oxfordshire
OX,OX10,WALLINGFORD,Oxfordshire
OX,OX11,DIDCOT,Oxfordshire
OX,OX12,WANTAGE,Oxfordshire
OX,OX13,ABINGDON,Oxfordshire
OX,OX14,ABINGDON,Oxfordshire
OX,OX15,BANBURY,Oxfordshire
OX,OX16,BANBURY,Oxfordshire
OX,OX17,BANBURY,Oxfordshire
OX,OX18,BAMPTON,Oxfordshire
OX,OX18,BURFORD,Oxfordshire
OX,OX18,CARTERTON,Oxfordshire
OX,OX20,WOODSTOCK,Oxfordshire
OX,OX25,BICESTER,Oxfordshire
OX,OX26,BICESTER,Oxfordshire
OX,OX27,BICESTER,Oxfordshire
OX,OX28,WITNEY,Oxfordshire
OX,OX29,WITNEY,Oxfordshire
OX,OX39,CHINNOR,Oxfordshire
OX,OX49,WATLINGTON,Oxfordshire
PA,PA01,PAISLEY,Renfrewshire
PA,PA1,PAISLEY,Renfrewshire
PA,PA2,PAISLEY,Renfrewshire
PA,PA3,PAISLEY,Renfrewshire
PA,PA04,RENFREW,(Renfrewshire)
PA,PA4,RENFREW,(Renfrewshire)
PA,PA05,JOHNSTONE,Renfrewshire
PA,PA5,JOHNSTONE,Renfrewshire
PA,PA6,JOHNSTONE,Renfrewshire
PA,PA9,JOHNSTONE,Renfrewshire
PA,PA10,JOHNSTONE,Renfrewshire
PA,PA07,BISHOPTON,Renfrewshire
PA,PA7,BISHOPTON,Renfrewshire
PA,PA08,ERSKINE,Renfrewshire
PA,PA8,ERSKINE,Renfrewshire
PA,PA11,BRIDGE OF WEIR,Renfrewshire
PA,PA12,LOCHWINNOCH,Renfrewshire
PA,PA13,KILMACOLM,Renfrewshire
PA,PA14,PORT GLASGOW,Renfrewshire
PA,PA15,GREENOCK,Renfrewshire
PA,PA16,GREENOCK,Renfrewshire
PA,PA17,SKELMORLIE,Ayrshire
PA,PA18,WEMYSS BAY,Renfrewshire
PA,PA19,GOUROCK,Renfrewshire
PA,PA20,ISLE OF BUTE,Isle of Bute
PA,PA21,TIGHNABRUAICH,Argyll
PA,PA22,COLINTRAIVE,Argyll
PA,PA23,DUNOON,Argyll
PA,PA24,CAIRNDOW,Argyll
PA,PA25,CAIRNDOW,Argyll
PA,PA26,CAIRNDOW,Argyll
PA,PA27,CAIRNDOW,Argyll
PA,PA28,CAMPBELTOWN,Argyll
PA,PA29,TARBERT,Argyll
PA,PA30,LOCHGILPHEAD,Argyll
PA,PA31,LOCHGILPHEAD,Argyll
PA,PA32,INVERARAY,Argyll
PA,PA33,DALMALLY,Argyll
PA,PA34,OBAN,Argyll
PA,PA37,OBAN,Argyll
PA,PA80,OBAN,Argyll
PA,PA35,TAYNUILT,Argyll
PA,PA36,BRIDGE OF ORCHY,Argyll
PA,PA38,APPIN,Argyll
PA,PA41,ISLE OF GIGHA,Isle of Gigha
PA,PA42,ISLE OF ISLAY,Isle of Islay
PA,PA43,ISLE OF ISLAY,Isle of Islay
PA,PA44,ISLE OF ISLAY,Isle of Islay
PA,PA45,ISLE OF ISLAY,Isle of Islay
PA,PA46,ISLE OF ISLAY,Isle of Islay
PA,PA47,ISLE OF ISLAY,Isle of Islay
PA,PA48,ISLE OF ISLAY,Isle of Islay
PA,PA49,ISLE OF ISLAY,Isle of Islay
PA,PA60,ISLE OF JURA,Isle of Jura
PA,PA61,ISLE OF COLONSAY,Isle of Colonsay
PA,PA62,ISLE OF MULL,Isle of Mull
PA,PA63,ISLE OF MULL,Isle of Mull
PA,PA64,ISLE OF MULL,Isle of Mull
PA,PA65,ISLE OF MULL,Isle of Mull
PA,PA66,ISLE OF MULL,Isle of Mull
PA,PA67,ISLE OF MULL,Isle of Mull
PA,PA68,ISLE OF MULL,Isle of Mull
PA,PA69,ISLE OF MULL,Isle of Mull
PA,PA70,ISLE OF MULL,Isle of Mull
PA,PA71,ISLE OF MULL,Isle of Mull
PA,PA72,ISLE OF MULL,Isle of Mull
PA,PA73,ISLE OF MULL,Isle of Mull
PA,PA74,ISLE OF MULL,Isle of Mull
PA,PA75,ISLE OF MULL,Isle of Mull
PA,PA76,ISLE OF IONA,Isle of Iona
PA,PA77,ISLE OF TIREE,Isle of Tiree
PA,PA78,ISLE OF COLL,Isle of Coll
PE,PE01,PETERBOROUGH,(
PE,PE1,PETERBOROUGH,(
PE,PE2,PETERBOROUGH,(
PE,PE3,PETERBOROUGH,(
PE,PE4,PETERBOROUGH,(
PE,PE5,PETERBOROUGH,(
PE,PE6,PETERBOROUGH,(
PE,PE7,PETERBOROUGH,(
PE,PE8,PETERBOROUGH,(
PE,PE99,PETERBOROUGH,(
PE,PE09,STAMFORD,Lincolnshire
PE,PE9,STAMFORD,Lincolnshire
PE,PE10,BOURNE,Lincolnshire
PE,PE11,SPALDING,Lincolnshire
PE,PE12,SPALDING,Lincolnshire
PE,PE13,WISBECH,Cambridgeshire
PE,PE14,WISBECH,Cambridgeshire
PE,PE15,MARCH,Cambridgeshire
PE,PE16,CHATTERIS,Cambridgeshire
PE,PE19,ST. NEOTS,Cambridgeshire
PE,PE20,BOSTON,Lincolnshire
PE,PE21,BOSTON,Lincolnshire
PE,PE22,BOSTON,Lincolnshire
PE,PE23,SPILSBY,Lincolnshire
PE,PE24,SKEGNESS,Lincolnshire
PE,PE25,SKEGNESS,Lincolnshire
PE,PE26,HUNTINGDON,Cambridgeshire
PE,PE28,HUNTINGDON,Cambridgeshire
PE,PE29,HUNTINGDON,Cambridgeshire
PE,PE27,ST. IVES,Cambridgeshire
PE,PE30,KING'S LYNN,Norfolk
PE,PE31,KING'S LYNN,Norfolk
PE,PE32,KING'S LYNN,Norfolk
PE,PE33,KING'S LYNN,Norfolk
PE,PE34,KING'S LYNN,Norfolk
PE,PE35,SANDRINGHAM,Norfolk
PE,PE36,HUNSTANTON,Norfolk
PE,PE37,SWAFFHAM,Norfolk
PE,PE38,DOWNHAM MARKET,Norfolk
PH,PH01,PERTH,(
PH,PH1,PERTH,(
PH,PH2,PERTH,(
PH,PH14,PERTH,(
PH,PH03,AUCHTERARDER,Perthshire
PH,PH3,AUCHTERARDER,Perthshire
PH,PH4,AUCHTERARDER,Perthshire
PH,PH05,CRIEFF,Perthshire
PH,PH5,CRIEFF,Perthshire
PH,PH6,CRIEFF,Perthshire
PH,PH7,CRIEFF,Perthshire
PH,PH08,DUNKELD,Perthshire
PH,PH8,DUNKELD,Perthshire
PH,PH09,PITLOCHRY,Perthshire
PH,PH9,PITLOCHRY,Perthshire
PH,PH16,PITLOCHRY,Perthshire
PH,PH17,PITLOCHRY,Perthshire
PH,PH18,PITLOCHRY,Perthshire
PH,PH10,BLAIRGOWRIE,Perthshire
PH,PH11,BLAIRGOWRIE,Perthshire
PH,PH12,BLAIRGOWRIE,Perthshire
PH,PH13,BLAIRGOWRIE,Perthshire
PH,PH15,ABERFELDY,Perthshire
PH,PH19,DALWHINNIE,Inverness-shire
PH,PH20,NEWTONMORE,Inverness-shire
PH,PH21,KINGUSSIE,Inverness-shire
PH,PH22,AVIEMORE,Inverness-shire
PH,PH23,CARRBRIDGE,Inverness-shire
PH,PH24,BOAT OF GARTEN,Inverness-shire
PH,PH25,NETHY BRIDGE,Inverness-shire
PH,PH26,GRANTOWN-ON-SPEY,Morayshire
PH,PH30,CORROUR,Inverness-shire
PH,PH31,ROY BRIDGE,Inverness-shire
PH,PH32,FORT AUGUSTUS,Inverness-shire
PH,PH33,FORT WILLIAM,Inverness-shire
PH,PH34,SPEAN BRIDGE,Inverness-shire
PH,PH35,INVERGARRY,Inverness-shire
PH,PH36,ACHARACLE,Argyll
PH,PH37,GLENFINNAN,Inverness-shire
PH,PH38,LOCHAILORT,Inverness-shire
PH,PH39,ARISAIG,Inverness-shire
PH,PH40,MALLAIG,Inverness-shire
PH,PH41,MALLAIG,Inverness-shire
PH,PH42,ISLE OF EIGG,Isle of Eigg
PH,PH43,ISLE OF RUM,Isle of Rum
PH,PH44,ISLE OF CANNA,Isle of Canna
PH,PH49,BALLACHULISH,Argyll
PH,PH50,KINLOCHLEVEN,Argyll
PL,PL01,PLYMOUTH,(
PL,PL1,PLYMOUTH,(
PL,PL2,PLYMOUTH,(
PL,PL3,PLYMOUTH,(
PL,PL4,PLYMOUTH,(
PL,PL5,PLYMOUTH,(
PL,PL6,PLYMOUTH,(
PL,PL7,PLYMOUTH,(
PL,PL8,PLYMOUTH,(
PL,PL9,PLYMOUTH,(
PL,PL95,PLYMOUTH,(
PL,PL10,TORPOINT,Cornwall
PL,PL11,TORPOINT,Cornwall
PL,PL12,SALTASH,Cornwall
PL,PL13,LOOE,Cornwall
PL,PL14,LISKEARD,Cornwall
PL,PL15,LAUNCESTON,Cornwall
PL,PL16,LIFTON,Devon
PL,PL17,CALLINGTON,Cornwall
PL,PL18,CALSTOCK,Cornwall
PL,PL18,GUNNISLAKE,Cornwall
PL,PL19,TAVISTOCK,Devon
PL,PL20,YELVERTON,Devon
PL,PL21,IVYBRIDGE,Devon
PL,PL22,LOSTWITHIEL,Cornwall
PL,PL23,FOWEY,Cornwall
PL,PL24,PAR,Cornwall
PL,PL25,ST. AUSTELL,Cornwall
PL,PL26,ST. AUSTELL,Cornwall
PL,PL27,WADEBRIDGE,Cornwall
PL,PL28,PADSTOW,Cornwall
PL,PL29,PORT ISAAC,Cornwall
PL,PL30,BODMIN,Cornwall
PL,PL31,BODMIN,Cornwall
PL,PL32,CAMELFORD,Cornwall
PL,PL33,DELABOLE,Cornwall
PL,PL34,TINTAGEL,Cornwall
PL,PL35,BOSCASTLE,Cornwall
PO,PO01,PORTSMOUTH,(
PO,PO1,PORTSMOUTH,(
PO,PO2,PORTSMOUTH,(
PO,PO3,PORTSMOUTH,(
PO,PO6,PORTSMOUTH,(
PO,PO04,SOUTHSEA,Hampshire
PO,PO4,SOUTHSEA,Hampshire
PO,PO5,SOUTHSEA,Hampshire
PO,PO07,WATERLOOVILLE,Hampshire
PO,PO7,WATERLOOVILLE,Hampshire
PO,PO8,WATERLOOVILLE,Hampshire
PO,PO09,HAVANT,Hampshire
PO,PO9,HAVANT,Hampshire
PO,PO09,ROWLAND'S CASTLE,Hampshire
PO,PO9,ROWLAND'S CASTLE,Hampshire
PO,PO10,EMSWORTH,Hampshire
PO,PO11,HAYLING ISLAND,Hampshire
PO,PO12,GOSPORT,Hampshire
PO,PO13,GOSPORT,Hampshire
PO,PO12,LEE-ON-THE-SOLENT,Hampshire
PO,PO13,LEE-ON-THE-SOLENT,Hampshire
PO,PO14,FAREHAM,Hampshire
PO,PO15,FAREHAM,Hampshire
PO,PO16,FAREHAM,Hampshire
PO,PO17,FAREHAM,Hampshire
PO,PO18,CHICHESTER,West Sussex
PO,PO19,CHICHESTER,West Sussex
PO,PO20,CHICHESTER,West Sussex
PO,PO21,BOGNOR REGIS,West Sussex
PO,PO22,BOGNOR REGIS,West Sussex
PO,PO30,NEWPORT,Isle of Wight
PO,PO30,YARMOUTH,Isle of Wight
PO,PO41,YARMOUTH,Isle of Wight
PO,PO31,COWES,Isle of Wight
PO,PO32,EAST COWES,Isle of Wight
PO,PO33,RYDE,Isle of Wight
PO,PO34,SEAVIEW,Isle of Wight
PO,PO35,BEMBRIDGE,Isle of Wight
PO,PO36,SANDOWN,Isle of Wight
PO,PO36,SHANKLIN,Isle of Wight
PO,PO37,SHANKLIN,Isle of Wight
PO,PO38,VENTNOR,Isle of Wight
PO,PO39,TOTLAND BAY,Isle of Wight
PO,PO40,FRESHWATER,Isle of Wight
PR,PR00,PRESTON,(
PR,PR0,PRESTON,(
PR,PR1,PRESTON,(
PR,PR2,PRESTON,(
PR,PR3,PRESTON,(
PR,PR4,PRESTON,(
PR,PR5,PRESTON,(
PR,PR11,PRESTON,(
PR,PR06,CHORLEY,Lancashire
PR,PR6,CHORLEY,Lancashire
PR,PR7,CHORLEY,Lancashire
PR,PR08,SOUTHPORT,Merseyside
PR,PR8,SOUTHPORT,Merseyside
PR,PR9,SOUTHPORT,Merseyside
PR,PR25,LEYLAND,Lancashire
PR,PR26,LEYLAND,Lancashire
RG,RG01,READING,(
RG,RG1,READING,(
RG,RG2,READING,(
RG,RG4,READING,(
RG,RG5,READING,(
RG,RG6,READING,(
RG,RG7,READING,(
RG,RG8,READING,(
RG,RG10,READING,(
RG,RG19,READING,(
RG,RG30,READING,(
RG,RG31,READING,(
RG,RG09,HENLEY-ON-THAMES,Oxfordshire
RG,RG9,HENLEY-ON-THAMES,Oxfordshire
RG,RG12,BRACKNELL,Berkshire
RG,RG42,BRACKNELL,Berkshire
RG,RG14,NEWBURY,Berkshire
RG,RG20,NEWBURY,Berkshire
RG,RG17,HUNGERFORD,Berkshire
RG,RG18,THATCHAM,Berkshire
RG,RG19,THATCHAM,Berkshire
RG,RG21,BASINGSTOKE,Hampshire
RG,RG22,BASINGSTOKE,Hampshire
RG,RG23,BASINGSTOKE,Hampshire
RG,RG24,BASINGSTOKE,Hampshire
RG,RG25,BASINGSTOKE,Hampshire
RG,RG28,BASINGSTOKE,Hampshire
RG,RG26,TADLEY,Hampshire
RG,RG27,HOOK,Hampshire
RG,RG29,HOOK,Hampshire
RG,RG28,WHITCHURCH,Hampshire
RG,RG40,WOKINGHAM,Berkshire
RG,RG41,WOKINGHAM,Berkshire
RG,RG45,CROWTHORNE,Berkshire
RH,RH01,REDHILL,(
RH,RH1,REDHILL,(
RH,RH02,REIGATE,Surrey
RH,RH2,REIGATE,Surrey
RH,RH03,BETCHWORTH,Surrey
RH,RH3,BETCHWORTH,Surrey
RH,RH4,BETCHWORTH,Surrey
RH,RH04,DORKING,Surrey
RH,RH4,DORKING,Surrey
RH,RH5,DORKING,Surrey
RH,RH06,GATWICK,West Sussex
RH,RH6,GATWICK,West Sussex
RH,RH06,HORLEY,Surrey
RH,RH6,HORLEY,Surrey
RH,RH07,LINGFIELD,Surrey
RH,RH7,LINGFIELD,Surrey
RH,RH08,OXTED,Surrey
RH,RH8,OXTED,Surrey
RH,RH09,GODSTONE,Surrey
RH,RH9,GODSTONE,Surrey
RH,RH10,CRAWLEY,West Sussex
RH,RH11,CRAWLEY,West Sussex
RH,RH77,CRAWLEY,West Sussex
RH,RH12,HORSHAM,West Sussex
RH,RH13,HORSHAM,West Sussex
RH,RH14,BILLINGSHURST,West Sussex
RH,RH15,BURGESS HILL,West Sussex
RH,RH16,HAYWARDS HEATH,West Sussex
RH,RH17,HAYWARDS HEATH,West Sussex
RH,RH18,FOREST ROW,East Sussex
RH,RH19,EAST GRINSTEAD,West Sussex
RH,RH20,PULBOROUGH,West Sussex
RM,RM01,ROMFORD,(
RM,RM1,ROMFORD,(
RM,RM2,ROMFORD,(
RM,RM3,ROMFORD,(
RM,RM4,ROMFORD,(
RM,RM5,ROMFORD,(
RM,RM6,ROMFORD,(
RM,RM7,ROMFORD,(
RM,RM08,DAGENHAM,Essex
RM,RM8,DAGENHAM,Essex
RM,RM9,DAGENHAM,Essex
RM,RM10,DAGENHAM,Essex
RM,RM11,HORNCHURCH,Essex
RM,RM12,HORNCHURCH,Essex
RM,RM13,RAINHAM,Essex
RM,RM14,UPMINSTER,Essex
RM,RM15,SOUTH OCKENDON,Essex
RM,RM16,GRAYS,Essex
RM,RM17,GRAYS,Essex
RM,RM20,GRAYS,Essex
RM,RM18,TILBURY,Essex
RM,RM19,PURFLEET,Essex
S,S001,SHEFFIELD,(
S,S1,SHEFFIELD,(
S,S2,SHEFFIELD,(
S,S3,SHEFFIELD,(
S,S4,SHEFFIELD,(
S,S5,SHEFFIELD,(
S,S6,SHEFFIELD,(
S,S7,SHEFFIELD,(
S,S8,SHEFFIELD,(
S,S9,SHEFFIELD,(
S,S10,SHEFFIELD,(
S,S11,SHEFFIELD,(
S,S12,SHEFFIELD,(
S,S13,SHEFFIELD,(
S,S14,SHEFFIELD,(
S,S17,SHEFFIELD,(
S,S20,SHEFFIELD,(
S,S21,SHEFFIELD,(
S,S25,SHEFFIELD,(
S,S26,SHEFFIELD,(
S,S35,SHEFFIELD,(
S,S36,SHEFFIELD,(
S,S95,SHEFFIELD,(
S,S96,SHEFFIELD,(
S,S97,SHEFFIELD,(
S,S98,SHEFFIELD,(
S,S99,SHEFFIELD,(
S,S018,DRONFIELD,Derbyshire
S,S18,DRONFIELD,Derbyshire
S,S032,HOPE VALLEY,Derbyshire
S,S32,HOPE VALLEY,Derbyshire
S,S33,HOPE VALLEY,Derbyshire
S,S040,CHESTERFIELD,Derbyshire
S,S40,CHESTERFIELD,Derbyshire
S,S41,CHESTERFIELD,Derbyshire
S,S42,CHESTERFIELD,Derbyshire
S,S43,CHESTERFIELD,Derbyshire
S,S44,CHESTERFIELD,Derbyshire
S,S45,CHESTERFIELD,Derbyshire
S,S49,CHESTERFIELD,Derbyshire
S,S060,ROTHERHAM,South Yorkshire
S,S60,ROTHERHAM,South Yorkshire
S,S61,ROTHERHAM,South Yorkshire
S,S62,ROTHERHAM,South Yorkshire
S,S63,ROTHERHAM,South Yorkshire
S,S65,ROTHERHAM,South Yorkshire
S,S66,ROTHERHAM,South Yorkshire
S,S97,ROTHERHAM,South Yorkshire
S,S064,MEXBOROUGH,South Yorkshire
S,S64,MEXBOROUGH,South Yorkshire
S,S070,BARNSLEY,South Yorkshire
S,S70,BARNSLEY,South Yorkshire
S,S71,BARNSLEY,South Yorkshire
S,S72,BARNSLEY,South Yorkshire
S,S73,BARNSLEY,South Yorkshire
S,S74,BARNSLEY,South Yorkshire
S,S75,BARNSLEY,South Yorkshire
S,S080,WORKSOP,Nottinghamshire
S,S80,WORKSOP,Nottinghamshire
S,S81,WORKSOP,Nottinghamshire
SA,SA01,SWANSEA,(
SA,SA1,SWANSEA,(
SA,SA2,SWANSEA,(
SA,SA3,SWANSEA,(
SA,SA4,SWANSEA,(
SA,SA5,SWANSEA,(
SA,SA6,SWANSEA,(
SA,SA7,SWANSEA,(
SA,SA8,SWANSEA,(
SA,SA9,SWANSEA,(
SA,SA80,SWANSEA,(
SA,SA99,SWANSEA,(
SA,SA10,NEATH,West Glamorgan
SA,SA11,NEATH,West Glamorgan
SA,SA12,PORT TALBOT,West Glamorgan
SA,SA13,PORT TALBOT,West Glamorgan
SA,SA14,LLANELLI,Dyfed
SA,SA15,LLANELLI,Dyfed
SA,SA16,BURRY PORT,Dyfed
SA,SA17,FERRYSIDE,Dyfed
SA,SA17,KIDWELLY,Dyfed
SA,SA18,AMMANFORD,Dyfed
SA,SA19,LLANDEILO,Dyfed
SA,SA19,LLANGADOG,Dyfed
SA,SA19,LLANWRDA,Dyfed
SA,SA20,LLANDOVERY,Dyfed
SA,SA31,CARMARTHEN,Dyfed
SA,SA32,CARMARTHEN,Dyfed
SA,SA33,CARMARTHEN,Dyfed
SA,SA34,WHITLAND,Dyfed
SA,SA35,LLANFYRNACH,Dyfed
SA,SA36,GLOGUE,Dyfed
SA,SA37,BONCATH,Dyfed
SA,SA38,NEWCASTLE EMLYN,Dyfed
SA,SA39,PENCADER,Dyfed
SA,SA40,LLANYBYDDER,Dyfed
SA,SA41,CRYMYCH,Dyfed
SA,SA42,NEWPORT,Dyfed
SA,SA43,CARDIGAN,Dyfed
SA,SA44,LLANDYSUL,Dyfed
SA,SA45,NEW QUAY,Dyfed
SA,SA46,ABERAERON,Dyfed
SA,SA48,ABERAERON,Dyfed
SA,SA47,LLANARTH,Dyfed
SA,SA48,LAMPETER,Dyfed
SA,SA61,HAVERFORDWEST,Dyfed
SA,SA62,HAVERFORDWEST,Dyfed
SA,SA63,CLARBESTON ROAD,Dyfed
SA,SA64,GOODWICK,Dyfed
SA,SA65,FISHGUARD,Dyfed
SA,SA66,CLYNDERWEN,Dyfed
SA,SA67,NARBERTH,Dyfed
SA,SA68,KILGETTY,Dyfed
SA,SA69,SAUNDERSFOOT,Dyfed
SA,SA70,TENBY,Dyfed
SA,SA71,PEMBROKE,Dyfed
SA,SA72,PEMBROKE,Dyfed
SA,SA72,PEMBROKE DOCK,Dyfed
SA,SA73,MILFORD HAVEN,Dyfed
SE,SE01,LONDON,(
SE,SE1,LONDON,(
SE,SE1P,LONDON,(
SE,SE2,LONDON,(
SE,SE3,LONDON,(
SE,SE4,LONDON,(
SE,SE5,LONDON,(
SE,SE6,LONDON,(
SE,SE7,LONDON,(
SE,SE8,LONDON,(
SE,SE9,LONDON,(
SE,SE10,LONDON,(
SE,SE11,LONDON,(
SE,SE12,LONDON,(
SE,SE13,LONDON,(
SE,SE14,LONDON,(
SE,SE15,LONDON,(
SE,SE16,LONDON,(
SE,SE17,LONDON,(
SE,SE18,LONDON,(
SE,SE19,LONDON,(
SE,SE20,LONDON,(
SE,SE21,LONDON,(
SE,SE22,LONDON,(
SE,SE23,LONDON,(
SE,SE24,LONDON,(
SE,SE25,LONDON,(
SE,SE26,LONDON,(
SE,SE27,LONDON,(
SE,SE28,LONDON,(
SG,SG01,STEVENAGE,Hertfordshire
SG,SG1,STEVENAGE,Hertfordshire
SG,SG2,STEVENAGE,Hertfordshire
SG,SG03,KNEBWORTH,Hertfordshire
SG,SG3,KNEBWORTH,Hertfordshire
SG,SG04,HITCHIN,Hertfordshire
SG,SG4,HITCHIN,Hertfordshire
SG,SG5,HITCHIN,Hertfordshire
SG,SG6,HITCHIN,Hertfordshire
SG,SG06,LETCHWORTH GARDEN CITY,Hertfordshire
SG,SG6,LETCHWORTH GARDEN CITY,Hertfordshire
SG,SG07,BALDOCK,Hertfordshire
SG,SG7,BALDOCK,Hertfordshire
SG,SG08,ROYSTON,Hertfordshire
SG,SG8,ROYSTON,Hertfordshire
SG,SG09,BUNTINGFORD,Hertfordshire
SG,SG9,BUNTINGFORD,Hertfordshire
SG,SG10,MUCH HADHAM,Hertfordshire
SG,SG11,WARE,Hertfordshire
SG,SG12,WARE,Hertfordshire
SG,SG13,HERTFORD,(Hertfordshire)
SG,SG14,HERTFORD,(Hertfordshire)
SG,SG15,ARLESEY,Bedfordshire
SG,SG16,HENLOW,Bedfordshire
SG,SG17,SHEFFORD,Bedfordshire
SG,SG18,BIGGLESWADE,Bedfordshire
SG,SG19,SANDY,Bedfordshire
SK,SK01,STOCKPORT,Cheshire
SK,SK1,STOCKPORT,Cheshire
SK,SK2,STOCKPORT,Cheshire
SK,SK3,STOCKPORT,Cheshire
SK,SK4,STOCKPORT,Cheshire
SK,SK5,STOCKPORT,Cheshire
SK,SK6,STOCKPORT,Cheshire
SK,SK7,STOCKPORT,Cheshire
SK,SK12,STOCKPORT,Cheshire
SK,SK08,CHEADLE,Cheshire
SK,SK8,CHEADLE,Cheshire
SK,SK09,ALDERLEY EDGE,Cheshire
SK,SK9,ALDERLEY EDGE,Cheshire
SK,SK09,WILMSLOW,Cheshire
SK,SK9,WILMSLOW,Cheshire
SK,SK10,MACCLESFIELD,Cheshire
SK,SK11,MACCLESFIELD,Cheshire
SK,SK13,GLOSSOP,Derbyshire
SK,SK14,HYDE,Cheshire
SK,SK15,STALYBRIDGE,Cheshire
SK,SK16,DUKINFIELD,Cheshire
SK,SK17,BUXTON,Derbyshire
SK,SK22,HIGH PEAK,Derbyshire
SK,SK23,HIGH PEAK,Derbyshire
SL,SL00,IVER,Buckinghamshire
SL,SL0,IVER,Buckinghamshire
SL,SL01,SLOUGH,(
SL,SL1,SLOUGH,(
SL,SL2,SLOUGH,(
SL,SL3,SLOUGH,(
SL,SL95,SLOUGH,(
SL,SL04,WINDSOR,Berkshire
SL,SL4,WINDSOR,Berkshire
SL,SL05,ASCOT,Berkshire
SL,SL5,ASCOT,Berkshire
SL,SL06,MAIDENHEAD,Berkshire
SL,SL6,MAIDENHEAD,Berkshire
SL,SL60,MAIDENHEAD,Berkshire
SL,SL07,MARLOW,Buckinghamshire
SL,SL7,MARLOW,Buckinghamshire
SL,SL08,BOURNE END,Buckinghamshire
SL,SL8,BOURNE END,Buckinghamshire
SL,SL09,GERRARDS CROSS,Buckinghamshire
SL,SL9,GERRARDS CROSS,Buckinghamshire
SM,SM01,SUTTON,Surrey
SM,SM1,SUTTON,Surrey
SM,SM2,SUTTON,Surrey
SM,SM3,SUTTON,Surrey
SM,SM04,MORDEN,Surrey
SM,SM4,MORDEN,Surrey
SM,SM05,CARSHALTON,Surrey
SM,SM5,CARSHALTON,Surrey
SM,SM06,WALLINGTON,Surrey
SM,SM6,WALLINGTON,Surrey
SM,SM07,BANSTEAD,Surrey
SM,SM7,BANSTEAD,Surrey
SN,SN01,SWINDON,(
SN,SN1,SWINDON,(
SN,SN2,SWINDON,(
SN,SN3,SWINDON,(
SN,SN4,SWINDON,(
SN,SN5,SWINDON,(
SN,SN6,SWINDON,(
SN,SN25,SWINDON,(
SN,SN26,SWINDON,(
SN,SN38,SWINDON,(
SN,SN99,SWINDON,(
SN,SN07,FARINGDON,Oxfordshire
SN,SN7,FARINGDON,Oxfordshire
SN,SN08,MARLBOROUGH,Wiltshire
SN,SN8,MARLBOROUGH,Wiltshire
SN,SN09,PEWSEY,Wiltshire
SN,SN9,PEWSEY,Wiltshire
SN,SN10,DEVIZES,Wiltshire
SN,SN11,CALNE,Wiltshire
SN,SN12,MELKSHAM,Wiltshire
SN,SN13,CORSHAM,Wiltshire
SN,SN15,CORSHAM,Wiltshire
SN,SN14,CHIPPENHAM,Wiltshire
SN,SN15,CHIPPENHAM,Wiltshire
SN,SN16,MALMESBURY,Wiltshire
SO,SO14,SOUTHAMPTON,(
SO,SO15,SOUTHAMPTON,(
SO,SO16,SOUTHAMPTON,(
SO,SO17,SOUTHAMPTON,(
SO,SO18,SOUTHAMPTON,(
SO,SO19,SOUTHAMPTON,(
SO,SO30,SOUTHAMPTON,(
SO,SO31,SOUTHAMPTON,(
SO,SO32,SOUTHAMPTON,(
SO,SO40,SOUTHAMPTON,(
SO,SO45,SOUTHAMPTON,(
SO,SO52,SOUTHAMPTON,(
SO,SO97,SOUTHAMPTON,(
SO,SO20,STOCKBRIDGE,Hampshire
SO,SO21,WINCHESTER,Hampshire
SO,SO22,WINCHESTER,Hampshire
SO,SO23,WINCHESTER,Hampshire
SO,SO24,ALRESFORD,Hampshire
SO,SO40,LYNDHURST,Hampshire
SO,SO43,LYNDHURST,Hampshire
SO,SO41,LYMINGTON,Hampshire
SO,SO42,BROCKENHURST,Hampshire
SO,SO50,EASTLEIGH,Hampshire
SO,SO53,EASTLEIGH,Hampshire
SO,SO51,ROMSEY,Hampshire
SP,SP01,SALISBURY,(
SP,SP1,SALISBURY,(
SP,SP2,SALISBURY,(
SP,SP3,SALISBURY,(
SP,SP4,SALISBURY,(
SP,SP5,SALISBURY,(
SP,SP06,FORDINGBRIDGE,Hampshire
SP,SP6,FORDINGBRIDGE,Hampshire
SP,SP07,SHAFTESBURY,Dorset
SP,SP7,SHAFTESBURY,Dorset
SP,SP08,GILLINGHAM,Dorset
SP,SP8,GILLINGHAM,Dorset
SP,SP09,TIDWORTH,Hampshire
SP,SP9,TIDWORTH,Hampshire
SP,SP10,ANDOVER,Hampshire
SP,SP11,ANDOVER,Hampshire
SR,SR01,SUNDERLAND,(
SR,SR1,SUNDERLAND,(
SR,SR2,SUNDERLAND,(
SR,SR3,SUNDERLAND,(
SR,SR4,SUNDERLAND,(
SR,SR5,SUNDERLAND,(
SR,SR6,SUNDERLAND,(
SR,SR9,SUNDERLAND,(
SR,SR07,SEAHAM,County Durham
SR,SR7,SEAHAM,County Durham
SR,SR08,PETERLEE,County Durham
SR,SR8,PETERLEE,County Durham
SS,SS00,WESTCLIFF-ON-SEA,Essex
SS,SS0,WESTCLIFF-ON-SEA,Essex
SS,SS1,WESTCLIFF-ON-SEA,Essex
SS,SS01,SOUTHEND-ON-SEA,(Essex)
SS,SS1,SOUTHEND-ON-SEA,(Essex)
SS,SS2,SOUTHEND-ON-SEA,(Essex)
SS,SS3,SOUTHEND-ON-SEA,(Essex)
SS,SS22,SOUTHEND-ON-SEA,(Essex)
SS,SS99,SOUTHEND-ON-SEA,(Essex)
SS,SS04,ROCHFORD,Essex
SS,SS4,ROCHFORD,Essex
SS,SS05,HOCKLEY,Essex
SS,SS5,HOCKLEY,Essex
SS,SS06,RAYLEIGH,Essex
SS,SS6,RAYLEIGH,Essex
SS,SS07,BENFLEET,Essex
SS,SS7,BENFLEET,Essex
SS,SS08,CANVEY ISLAND,Essex
SS,SS8,CANVEY ISLAND,Essex
SS,SS09,LEIGH-ON-SEA,Essex
SS,SS9,LEIGH-ON-SEA,Essex
SS,SS11,WICKFORD,Essex
SS,SS12,WICKFORD,Essex
SS,SS13,BASILDON,Essex
SS,SS14,BASILDON,Essex
SS,SS15,BASILDON,Essex
SS,SS16,BASILDON,Essex
SS,SS17,STANFORD-LE-HOPE,Essex
ST,ST01,STOKE-ON-TRENT,(
ST,ST1,STOKE-ON-TRENT,(
ST,ST2,STOKE-ON-TRENT,(
ST,ST3,STOKE-ON-TRENT,(
ST,ST4,STOKE-ON-TRENT,(
ST,ST6,STOKE-ON-TRENT,(
ST,ST7,STOKE-ON-TRENT,(
ST,ST8,STOKE-ON-TRENT,(
ST,ST9,STOKE-ON-TRENT,(
ST,ST10,STOKE-ON-TRENT,(
ST,ST11,STOKE-ON-TRENT,(
ST,ST12,STOKE-ON-TRENT,(
ST,ST05,NEWCASTLE,Staffordshire
ST,ST5,NEWCASTLE,Staffordshire
ST,ST55,NEWCASTLE,Staffordshire
ST,ST13,LEEK,Staffordshire
ST,ST14,UTTOXETER,Staffordshire
ST,ST15,STONE,Staffordshire
ST,ST16,STAFFORD,(Staffordshire)
ST,ST17,STAFFORD,(Staffordshire)
ST,ST18,STAFFORD,(Staffordshire)
ST,ST19,STAFFORD,(Staffordshire)
ST,ST20,STAFFORD,(Staffordshire)
ST,ST21,STAFFORD,(Staffordshire)
SW,SW01,LONDON,(
SW,SW1A,LONDON,(
SW,SW1E,LONDON,(
SW,SW1H,LONDON,(
SW,SW1P,LONDON,(
SW,SW1V,LONDON,(
SW,SW1W,LONDON,(
SW,SW1X,LONDON,(
SW,SW1Y,LONDON,(
SW,SW2,LONDON,(
SW,SW3,LONDON,(
SW,SW4,LONDON,(
SW,SW5,LONDON,(
SW,SW6,LONDON,(
SW,SW7,LONDON,(
SW,SW8,LONDON,(
SW,SW9,LONDON,(
SW,SW10,LONDON,(
SW,SW11,LONDON,(
SW,SW12,LONDON,(
SW,SW13,LONDON,(
SW,SW14,LONDON,(
SW,SW15,LONDON,(
SW,SW16,LONDON,(
SW,SW17,LONDON,(
SW,SW18,LONDON,(
SW,SW19,LONDON,(
SW,SW20,LONDON,(
SW,SW95,LONDON,(
SY,SY01,SHREWSBURY,(
SY,SY1,SHREWSBURY,(
SY,SY2,SHREWSBURY,(
SY,SY3,SHREWSBURY,(
SY,SY4,SHREWSBURY,(
SY,SY5,SHREWSBURY,(
SY,SY99,SHREWSBURY,(
SY,SY06,CHURCH STRETTON,Shropshire
SY,SY6,CHURCH STRETTON,Shropshire
SY,SY07,BUCKNELL,Shropshire
SY,SY7,BUCKNELL,Shropshire
SY,SY07,CRAVEN ARMS,Shropshire
SY,SY7,CRAVEN ARMS,Shropshire
SY,SY07,LYDBURY NORTH,Shropshire
SY,SY7,LYDBURY NORTH,Shropshire
SY,SY08,LUDLOW,Shropshire
SY,SY8,LUDLOW,Shropshire
SY,SY09,BISHOPS CASTLE,Shropshire
SY,SY9,BISHOPS CASTLE,Shropshire
SY,SY10,OSWESTRY,Shropshire
SY,SY11,OSWESTRY,Shropshire
SY,SY12,ELLESMERE,Shropshire
SY,SY13,WHITCHURCH,Shropshire
SY,SY14,MALPAS,Cheshire
SY,SY15,MONTGOMERY,Powys
SY,SY16,NEWTOWN,Powys
SY,SY17,CAERSWS,Powys
SY,SY17,LLANDINAM,Powys
SY,SY18,LLANIDLOES,Powys
SY,SY19,LLANBRYNMAIR,Powys
SY,SY20,MACHYNLLETH,Powys
SY,SY21,WELSHPOOL,Powys
SY,SY22,LLANFECHAIN,Powys
SY,SY22,LLANFYLLIN,Powys
SY,SY22,LLANSANTFFRAID,Powys
SY,SY22,LLANYMYNECH,Powys
SY,SY22,MEIFOD,Powys
SY,SY23,ABERYSTWYTH,Dyfed
SY,SY23,LLANON,Dyfed
SY,SY23,LLANRHYSTUD,Dyfed
SY,SY24,BORTH,Dyfed
SY,SY24,BOW STREET,Dyfed
SY,SY24,TALYBONT,Dyfed
SY,SY25,TREGARON,Dyfed
SY,SY25,YSTRAD MEURIG,Dyfed
TA,TA01,TAUNTON,Somerset
TA,TA1,TAUNTON,Somerset
TA,TA2,TAUNTON,Somerset
TA,TA3,TAUNTON,Somerset
TA,TA4,TAUNTON,Somerset
TA,TA05,BRIDGWATER,Somerset
TA,TA5,BRIDGWATER,Somerset
TA,TA6,BRIDGWATER,Somerset
TA,TA7,BRIDGWATER,Somerset
TA,TA08,BURNHAM-ON-SEA,Somerset
TA,TA8,BURNHAM-ON-SEA,Somerset
TA,TA09,HIGHBRIDGE,Somerset
TA,TA9,HIGHBRIDGE,Somerset
TA,TA10,LANGPORT,Somerset
TA,TA11,SOMERTON,Somerset
TA,TA12,MARTOCK,Somerset
TA,TA13,SOUTH PETHERTON,Somerset
TA,TA14,STOKE-SUB-HAMDON,Somerset
TA,TA15,MONTACUTE,Somerset
TA,TA16,MERRIOTT,Somerset
TA,TA17,HINTON ST. GEORGE,Somerset
TA,TA18,CREWKERNE,Somerset
TA,TA19,ILMINSTER,Somerset
TA,TA20,CHARD,Somerset
TA,TA21,WELLINGTON,Somerset
TA,TA22,DULVERTON,Somerset
TA,TA23,WATCHET,Somerset
TA,TA24,MINEHEAD,Somerset
TD,TD01,GALASHIELS,Selkirkshire
TD,TD1,GALASHIELS,Selkirkshire
TD,TD02,LAUDER,Berwickshire
TD,TD2,LAUDER,Berwickshire
TD,TD03,GORDON,Berwickshire
TD,TD3,GORDON,Berwickshire
TD,TD04,EARLSTON,Berwickshire
TD,TD4,EARLSTON,Berwickshire
TD,TD05,KELSO,Roxburghshire
TD,TD5,KELSO,Roxburghshire
TD,TD06,MELROSE,Roxburghshire
TD,TD6,MELROSE,Roxburghshire
TD,TD07,SELKIRK,(Selkirkshire)
TD,TD7,SELKIRK,(Selkirkshire)
TD,TD08,JEDBURGH,Roxburghshire
TD,TD8,JEDBURGH,Roxburghshire
TD,TD09,HAWICK,Roxburghshire
TD,TD9,HAWICK,Roxburghshire
TD,TD09,NEWCASTLETON,Roxburghshire
TD,TD9,NEWCASTLETON,Roxburghshire
TD,TD10,DUNS,Berwickshire
TD,TD11,DUNS,Berwickshire
TD,TD12,COLDSTREAM,Berwickshire
TD,TD12,CORNHILL-ON-TWEED,Northumberland
TD,TD12,MINDRUM,Northumberland
TD,TD13,COCKBURNSPATH,Berwickshire
TD,TD14,EYEMOUTH,Berwickshire
TD,TD15,BERWICK-UPON-TWEED,(Northumberland)
TF,TF01,TELFORD,Shropshire
TF,TF1,TELFORD,Shropshire
TF,TF2,TELFORD,Shropshire
TF,TF3,TELFORD,Shropshire
TF,TF4,TELFORD,Shropshire
TF,TF5,TELFORD,Shropshire
TF,TF6,TELFORD,Shropshire
TF,TF7,TELFORD,Shropshire
TF,TF8,TELFORD,Shropshire
TF,TF09,MARKET DRAYTON,Shropshire
TF,TF9,MARKET DRAYTON,Shropshire
TF,TF10,NEWPORT,Shropshire
TF,TF11,SHIFNAL,Shropshire
TF,TF12,BROSELEY,Shropshire
TF,TF13,MUCH WENLOCK,Shropshire
TN,TN01,TUNBRIDGE WELLS,Kent
TN,TN1,TUNBRIDGE WELLS,Kent
TN,TN2,TUNBRIDGE WELLS,Kent
TN,TN3,TUNBRIDGE WELLS,Kent
TN,TN4,TUNBRIDGE WELLS,Kent
TN,TN02,WADHURST,East Sussex
TN,TN2,WADHURST,East Sussex
TN,TN5,WADHURST,East Sussex
TN,TN06,CROWBOROUGH,East Sussex
TN,TN6,CROWBOROUGH,East Sussex
TN,TN07,HARTFIELD,East Sussex
TN,TN7,HARTFIELD,East Sussex
TN,TN08,EDENBRIDGE,Kent
TN,TN8,EDENBRIDGE,Kent
TN,TN09,TONBRIDGE,Kent
TN,TN9,TONBRIDGE,Kent
TN,TN10,TONBRIDGE,Kent
TN,TN11,TONBRIDGE,Kent
TN,TN12,TONBRIDGE,Kent
TN,TN13,SEVENOAKS,Kent
TN,TN14,SEVENOAKS,Kent
TN,TN15,SEVENOAKS,Kent
TN,TN16,WESTERHAM,Kent
TN,TN17,CRANBROOK,Kent
TN,TN18,CRANBROOK,Kent
TN,TN19,ETCHINGHAM,East Sussex
TN,TN20,MAYFIELD,East Sussex
TN,TN21,HEATHFIELD,East Sussex
TN,TN22,UCKFIELD,East Sussex
TN,TN23,ASHFORD,Kent
TN,TN24,ASHFORD,Kent
TN,TN25,ASHFORD,Kent
TN,TN26,ASHFORD,Kent
TN,TN27,ASHFORD,Kent
TN,TN28,NEW ROMNEY,Kent
TN,TN29,ROMNEY MARSH,Kent
TN,TN30,TENTERDEN,Kent
TN,TN31,RYE,East Sussex
TN,TN32,ROBERTSBRIDGE,East Sussex
TN,TN33,BATTLE,East Sussex
TN,TN34,HASTINGS,East Sussex
TN,TN35,HASTINGS,East Sussex
TN,TN36,WINCHELSEA,East Sussex
TN,TN37,ST. LEONARDS-ON-SEA,East Sussex
TN,TN38,ST. LEONARDS-ON-SEA,East Sussex
TN,TN39,BEXHILL-ON-SEA,East Sussex
TN,TN40,BEXHILL-ON-SEA,East Sussex
TQ,TQ01,TORQUAY,(
TQ,TQ1,TORQUAY,(
TQ,TQ2,TORQUAY,(
TQ,TQ03,PAIGNTON,Devon
TQ,TQ3,PAIGNTON,Devon
TQ,TQ4,PAIGNTON,Devon
TQ,TQ05,BRIXHAM,Devon
TQ,TQ5,BRIXHAM,Devon
TQ,TQ06,DARTMOUTH,Devon
TQ,TQ6,DARTMOUTH,Devon
TQ,TQ07,KINGSBRIDGE,Devon
TQ,TQ7,KINGSBRIDGE,Devon
TQ,TQ08,SALCOMBE,Devon
TQ,TQ8,SALCOMBE,Devon
TQ,TQ09,TOTNES,Devon
TQ,TQ9,TOTNES,Devon
TQ,TQ09,SOUTH BRENT,Devon
TQ,TQ9,SOUTH BRENT,Devon
TQ,TQ10,SOUTH BRENT,Devon
TQ,TQ11,BUCKFASTLEIGH,Devon
TQ,TQ12,NEWTON ABBOT,Devon
TQ,TQ13,NEWTON ABBOT,Devon
TQ,TQ14,TEIGNMOUTH,Devon
TR,TR01,TRURO,Cornwall
TR,TR1,TRURO,Cornwall
TR,TR2,TRURO,Cornwall
TR,TR3,TRURO,Cornwall
TR,TR4,TRURO,Cornwall
TR,TR05,ST. AGNES,Cornwall
TR,TR5,ST. AGNES,Cornwall
TR,TR06,PERRANPORTH,Cornwall
TR,TR6,PERRANPORTH,Cornwall
TR,TR07,NEWQUAY,Cornwall
TR,TR7,NEWQUAY,Cornwall
TR,TR8,NEWQUAY,Cornwall
TR,TR09,ST. COLUMB,Cornwall
TR,TR9,ST. COLUMB,Cornwall
TR,TR10,PENRYN,Cornwall
TR,TR11,FALMOUTH,Cornwall
TR,TR12,HELSTON,Cornwall
TR,TR13,HELSTON,Cornwall
TR,TR14,CAMBORNE,Cornwall
TR,TR15,REDRUTH,Cornwall
TR,TR16,REDRUTH,Cornwall
TR,TR17,MARAZION,Cornwall
TR,TR18,PENZANCE,Cornwall
TR,TR19,PENZANCE,Cornwall
TR,TR20,PENZANCE,Cornwall
TR,TR21,ISLES OF SCILLY,(
TR,TR22,ISLES OF SCILLY,(
TR,TR23,ISLES OF SCILLY,(
TR,TR24,ISLES OF SCILLY,(
TR,TR25,ISLES OF SCILLY,(
TR,TR26,ST. IVES,Cornwall
TR,TR27,HAYLE,Cornwall
TS,TS01,MIDDLESBROUGH,Cleveland
TS,TS1,MIDDLESBROUGH,Cleveland
TS,TS2,MIDDLESBROUGH,Cleveland
TS,TS3,MIDDLESBROUGH,Cleveland
TS,TS4,MIDDLESBROUGH,Cleveland
TS,TS5,MIDDLESBROUGH,Cleveland
TS,TS6,MIDDLESBROUGH,Cleveland
TS,TS7,MIDDLESBROUGH,Cleveland
TS,TS8,MIDDLESBROUGH,Cleveland
TS,TS9,MIDDLESBROUGH,Cleveland
TS,TS10,REDCAR,Cleveland
TS,TS11,REDCAR,Cleveland
TS,TS12,SALTBURN-BY-THE-SEA,Cleveland
TS,TS13,SALTBURN-BY-THE-SEA,Cleveland
TS,TS14,GUISBOROUGH,Cleveland
TS,TS15,YARM,Cleveland
TS,TS16,STOCKTON-ON-TEES,Cleveland
TS,TS17,STOCKTON-ON-TEES,Cleveland
TS,TS18,STOCKTON-ON-TEES,Cleveland
TS,TS19,STOCKTON-ON-TEES,Cleveland
TS,TS20,STOCKTON-ON-TEES,Cleveland
TS,TS21,STOCKTON-ON-TEES,Cleveland
TS,TS22,BILLINGHAM,Cleveland
TS,TS23,BILLINGHAM,Cleveland
TS,TS24,HARTLEPOOL,Cleveland
TS,TS25,HARTLEPOOL,Cleveland
TS,TS26,HARTLEPOOL,Cleveland
TS,TS27,HARTLEPOOL,Cleveland
TS,TS28,WINGATE,County Durham
TS,TS29,TRIMDON STATION,County Durham
TW,TW01,TWICKENHAM,(
TW,TW1,TWICKENHAM,(
TW,TW2,TWICKENHAM,(
TW,TW03,HOUNSLOW,(Middlesex)
TW,TW3,HOUNSLOW,(Middlesex)
TW,TW4,HOUNSLOW,(Middlesex)
TW,TW5,HOUNSLOW,(Middlesex)
TW,TW6,HOUNSLOW,(Middlesex)
TW,TW07,ISLEWORTH,Middlesex
TW,TW7,ISLEWORTH,Middlesex
TW,TW08,BRENTFORD,Middlesex
TW,TW8,BRENTFORD,Middlesex
TW,TW09,RICHMOND,Surrey
TW,TW9,RICHMOND,Surrey
TW,TW10,RICHMOND,Surrey
TW,TW11,TEDDINGTON,Middlesex
TW,TW12,HAMPTON,Middlesex
TW,TW13,FELTHAM,Middlesex
TW,TW14,FELTHAM,Middlesex
TW,TW15,ASHFORD,Middlesex
TW,TW16,SUNBURY-ON-THAMES,Middlesex
TW,TW17,SHEPPERTON,Middlesex
TW,TW18,STAINES-UPON-THAMES,Middlesex
TW,TW19,STAINES-UPON-THAMES,Middlesex
TW,TW20,EGHAM,Surrey
UB,UB01,SOUTHALL,Middlesex
UB,UB1,SOUTHALL,Middlesex
UB,UB2,SOUTHALL,Middlesex
UB,UB3,SOUTHALL,Middlesex
UB,UB03,HAYES,Middlesex
UB,UB3,HAYES,Middlesex
UB,UB4,HAYES,Middlesex
UB,UB05,NORTHOLT,Middlesex
UB,UB5,NORTHOLT,Middlesex
UB,UB05,GREENFORD,Middlesex
UB,UB5,GREENFORD,Middlesex
UB,UB6,GREENFORD,Middlesex
UB,UB18,GREENFORD,Middlesex
UB,UB07,WEST DRAYTON,Middlesex
UB,UB7,WEST DRAYTON,Middlesex
UB,UB8,WEST DRAYTON,Middlesex
UB,UB08,UXBRIDGE,Middlesex
UB,UB8,UXBRIDGE,Middlesex
UB,UB9,UXBRIDGE,Middlesex
UB,UB10,UXBRIDGE,Middlesex
UB,UB11,UXBRIDGE,Middlesex
W,W001,LONDON,(
W,W1A,LONDON,(
W,W1B,LONDON,(
W,W1C,LONDON,(
W,W1D,LONDON,(
W,W1F,LONDON,(
W,W1G,LONDON,(
W,W1H,LONDON,(
W,W1J,LONDON,(
W,W1K,LONDON,(
W,W1S,LONDON,(
W,W1T,LONDON,(
W,W1U,LONDON,(
W,W1W,LONDON,(
W,W2,LONDON,(
W,W3,LONDON,(
W,W4,LONDON,(
W,W5,LONDON,(
W,W6,LONDON,(
W,W7,LONDON,(
W,W8,LONDON,(
W,W9,LONDON,(
W,W10,LONDON,(
W,W11,LONDON,(
W,W12,LONDON,(
W,W13,LONDON,(
W,W14,LONDON,(
WA,WA01,WARRINGTON,(
WA,WA1,WARRINGTON,(
WA,WA2,WARRINGTON,(
WA,WA3,WARRINGTON,(
WA,WA4,WARRINGTON,(
WA,WA5,WARRINGTON,(
WA,WA55,WARRINGTON,(
WA,WA06,FRODSHAM,Cheshire
WA,WA6,FRODSHAM,Cheshire
WA,WA07,RUNCORN,Cheshire
WA,WA7,RUNCORN,Cheshire
WA,WA08,WIDNES,Cheshire
WA,WA8,WIDNES,Cheshire
WA,WA88,WIDNES,Cheshire
WA,WA09,ST. HELENS,Merseyside
WA,WA9,ST. HELENS,Merseyside
WA,WA10,ST. HELENS,Merseyside
WA,WA11,ST. HELENS,Merseyside
WA,WA12,NEWTON-LE-WILLOWS,Merseyside
WA,WA13,LYMM,Cheshire
WA,WA14,ALTRINCHAM,Cheshire
WA,WA15,ALTRINCHAM,Cheshire
WA,WA16,KNUTSFORD,Cheshire
WC,WC01,LONDON,(
WC,WC1A,LONDON,(
WC,WC1B,LONDON,(
WC,WC1E,LONDON,(
WC,WC1H,LONDON,(
WC,WC1N,LONDON,(
WC,WC1R,LONDON,(
WC,WC1V,LONDON,(
WC,WC1X,LONDON,(
WC,WC2A,LONDON,(
WC,WC2B,LONDON,(
WC,WC2E,LONDON,(
WC,WC2H,LONDON,(
WC,WC2N,LONDON,(
WC,WC2R,LONDON,(
WD,WD03,RICKMANSWORTH,Hertfordshire
WD,WD3,RICKMANSWORTH,Hertfordshire
WD,WD04,KINGS LANGLEY,Hertfordshire
WD,WD4,KINGS LANGLEY,Hertfordshire
WD,WD18,KINGS LANGLEY,Hertfordshire
WD,WD05,ABBOTS LANGLEY,Hertfordshire
WD,WD5,ABBOTS LANGLEY,Hertfordshire
WD,WD06,BOREHAMWOOD,Hertfordshire
WD,WD6,BOREHAMWOOD,Hertfordshire
WD,WD07,RADLETT,Hertfordshire
WD,WD7,RADLETT,Hertfordshire
WD,WD17,WATFORD,(Hertfordshire)
WD,WD18,WATFORD,(Hertfordshire)
WD,WD19,WATFORD,(Hertfordshire)
WD,WD24,WATFORD,(Hertfordshire)
WD,WD25,WATFORD,(Hertfordshire)
WD,WD99,WATFORD,(Hertfordshire)
WD,WD23,BUSHEY,(Hertfordshire)
WF,WF01,WAKEFIELD,West Yorkshire
WF,WF1,WAKEFIELD,West Yorkshire
WF,WF2,WAKEFIELD,West Yorkshire
WF,WF3,WAKEFIELD,West Yorkshire
WF,WF4,WAKEFIELD,West Yorkshire
WF,WF90,WAKEFIELD,West Yorkshire
WF,WF05,OSSETT,West Yorkshire
WF,WF5,OSSETT,West Yorkshire
WF,WF06,NORMANTON,West Yorkshire
WF,WF6,NORMANTON,West Yorkshire
WF,WF10,NORMANTON,West Yorkshire
WF,WF07,PONTEFRACT,West Yorkshire
WF,WF7,PONTEFRACT,West Yorkshire
WF,WF8,PONTEFRACT,West Yorkshire
WF,WF9,PONTEFRACT,West Yorkshire
WF,WF10,CASTLEFORD,West Yorkshire
WF,WF11,KNOTTINGLEY,West Yorkshire
WF,WF12,DEWSBURY,West Yorkshire
WF,WF13,DEWSBURY,West Yorkshire
WF,WF14,MIRFIELD,West Yorkshire
WF,WF15,LIVERSEDGE,West Yorkshire
WF,WF16,LIVERSEDGE,West Yorkshire
WF,WF16,HECKMONDWIKE,West Yorkshire
WF,WF17,BATLEY,West Yorkshire
WN,WN01,WIGAN,Lancashire
WN,WN1,WIGAN,Lancashire
WN,WN2,WIGAN,Lancashire
WN,WN3,WIGAN,Lancashire
WN,WN4,WIGAN,Lancashire
WN,WN5,WIGAN,Lancashire
WN,WN6,WIGAN,Lancashire
WN,WN8,WIGAN,Lancashire
WN,WN07,LEIGH,Lancashire
WN,WN7,LEIGH,Lancashire
WN,WN08,SKELMERSDALE,Lancashire
WN,WN8,SKELMERSDALE,Lancashire
WR,WR01,WORCESTER,(
WR,WR1,WORCESTER,(
WR,WR2,WORCESTER,(
WR,WR3,WORCESTER,(
WR,WR4,WORCESTER,(
WR,WR5,WORCESTER,(
WR,WR6,WORCESTER,(
WR,WR7,WORCESTER,(
WR,WR8,WORCESTER,(
WR,WR78,WORCESTER,(
WR,WR99,WORCESTER,(
WR,WR09,DROITWICH,Worcestershire
WR,WR9,DROITWICH,Worcestershire
WR,WR10,PERSHORE,Worcestershire
WR,WR11,EVESHAM,Worcestershire
WR,WR11,BROADWAY,Worcestershire
WR,WR12,BROADWAY,Worcestershire
WR,WR13,MALVERN,Worcestershire
WR,WR14,MALVERN,Worcestershire
WR,WR15,TENBURY WELLS,Worcestershire
WS,WS01,WALSALL,(
WS,WS1,WALSALL,(
WS,WS2,WALSALL,(
WS,WS3,WALSALL,(
WS,WS4,WALSALL,(
WS,WS5,WALSALL,(
WS,WS6,WALSALL,(
WS,WS8,WALSALL,(
WS,WS9,WALSALL,(
WS,WS07,BURNTWOOD,Staffordshire
WS,WS7,BURNTWOOD,Staffordshire
WS,WS10,WEDNESBURY,West Midlands
WS,WS11,CANNOCK,Staffordshire
WS,WS12,CANNOCK,Staffordshire
WS,WS13,LICHFIELD,Staffordshire
WS,WS14,LICHFIELD,Staffordshire
WS,WS15,RUGELEY,Staffordshire
WV,WV01,WOLVERHAMPTON,(
WV,WV1,WOLVERHAMPTON,(
WV,WV2,WOLVERHAMPTON,(
WV,WV3,WOLVERHAMPTON,(
WV,WV4,WOLVERHAMPTON,(
WV,WV5,WOLVERHAMPTON,(
WV,WV6,WOLVERHAMPTON,(
WV,WV7,WOLVERHAMPTON,(
WV,WV8,WOLVERHAMPTON,(
WV,WV9,WOLVERHAMPTON,(
WV,WV10,WOLVERHAMPTON,(
WV,WV11,WOLVERHAMPTON,(
WV,WV01,WILLENHALL,West Midlands
WV,WV1,WILLENHALL,West Midlands
WV,WV12,WILLENHALL,West Midlands
WV,WV13,WILLENHALL,West Midlands
WV,WV14,BILSTON,West Midlands
WV,WV15,BRIDGNORTH,Shropshire
WV,WV16,BRIDGNORTH,Shropshire
YO,YO01,YORK,(
YO,YO1,YORK,(
YO,YO10,YORK,(
YO,YO19,YORK,(
YO,YO23,YORK,(
YO,YO24,YORK,(
YO,YO26,YORK,(
YO,YO30,YORK,(
YO,YO31,YORK,(
YO,YO32,YORK,(
YO,YO41,YORK,(
YO,YO42,YORK,(
YO,YO43,YORK,(
YO,YO51,YORK,(
YO,YO60,YORK,(
YO,YO61,YORK,(
YO,YO62,YORK,(
YO,YO90,YORK,(
YO,YO91,YORK,(
YO,YO07,THIRSK,North Yorkshire
YO,YO7,THIRSK,North Yorkshire
YO,YO08,SELBY,North Yorkshire
YO,YO8,SELBY,North Yorkshire
YO,YO11,SCARBOROUGH,North Yorkshire
YO,YO12,SCARBOROUGH,North Yorkshire
YO,YO13,SCARBOROUGH,North Yorkshire
YO,YO14,FILEY,North Yorkshire
YO,YO15,BRIDLINGTON,North Humberside
YO,YO16,BRIDLINGTON,North Humberside
YO,YO17,MALTON,North Yorkshire
YO,YO18,PICKERING,North Yorkshire
YO,YO21,WHITBY,North Yorkshire
YO,YO22,WHITBY,North Yorkshire
YO,YO25,DRIFFIELD,North Humberside
ZE,ZE01,SHETLAND,(
ZE,ZE1,SHETLAND,(
ZE,ZE2,SHETLAND,(
ZE,ZE3,SHETLAND,(
